,,update_count,driving_time,routes,avg_delay
15334,15336,1,1.7,"('12',)",
15336,14445,1,1.6666666666666667,"('12',)",
14445,16294,1,1.3333333333333333,"('12',)",
16294,16333,1,3.3,"('12',)",
16337,15854,1,1.2666666666666666,"('12',)",
15854,15849,1,0.6666666666666666,"('12',)",
15849,15842,1,0.9,"('12',)",
15842,15837,1,0.85,"('12',)",
15837,17737,1,1.0166666666666666,"('12',)",
17737,15852,1,0.9666666666666667,"('12',)",
15847,15856,1,0.6833333333333333,"('12',)",
15850,15165,1,1.25,"('12',)",
16498,15623,1,0.7666666666666667,"('14',)",
15623,15579,1,0.9666666666666667,"('14',)",
15579,15528,2,1.2166666666666666,"('14', '14R')",0.8879699248120302
15528,15529,2,2.1166666666666667,"('14', '14R')",0.3609022556390978
15529,15532,2,1.7333333333333334,"('14', '14R')",0.3165413533834587
15532,15534,2,1.5666666666666667,"('14', '14R')",0.01353383458646616
15534,15536,2,1.6,"('14', '14R')",0.0
15536,15538,1,1.6666666666666667,"('14',)",
15538,15539,1,1.5166666666666666,"('14',)",
15539,15540,1,1.4833333333333334,"('14',)",
15540,15543,1,1.1,"('14',)",
15543,15545,1,1.2333333333333334,"('14',)",
15545,15836,1,1.2666666666666666,"('14',)",
15836,15835,1,0.9333333333333333,"('14',)",
15835,15548,1,2.2666666666666666,"('14',)",
15548,15552,1,1.5333333333333334,"('14',)",
15552,15554,1,1.6333333333333333,"('14',)",
15554,15558,1,1.9333333333333333,"('14',)",
15558,15562,1,1.6166666666666667,"('14',)",
15562,15566,1,1.8166666666666667,"('14',)",
15566,15568,1,1.6833333333333333,"('14',)",
15568,15626,1,1.9166666666666667,"('14',)",
15626,15572,1,1.4,"('14',)",
15572,15584,1,0.5666666666666667,"('14',)",
15584,15578,1,0.85,"('14',)",
15578,15597,1,0.7333333333333333,"('14',)",
15614,15580,1,1.0833333333333333,"('14',)",
15573,15625,1,0.8166666666666667,"('14',)",
15621,15590,1,1.4333333333333333,"('14',)",
15590,15616,1,1.7333333333333334,"('14',)",
15616,15609,1,1.1166666666666667,"('14',)",
15609,15598,1,1.2,"('14',)",
15592,15604,1,0.8833333333333333,"('14',)",
15604,15589,1,1.0,"('14',)",
15602,15627,1,0.7166666666666667,"('14',)",
15627,15600,1,0.9166666666666666,"('14',)",
15619,15594,2,1.3166666666666667,"('14', '14R')",0.27190082644628094
15594,15588,2,0.5666666666666667,"('14', '14R')",0.8801652892561983
15588,17099,1,1.4166666666666667,"('14',)",
15603,15579,1,0.7666666666666667,"('14R',)",
15536,15540,2,2.2333333333333334,"('14R', '714')",0.85
15540,15545,1,2.3333333333333335,"('14R',)",
15545,15552,1,5.0,"('14R',)",
15552,15558,1,2.55,"('14R',)",
15558,15566,1,2.45,"('14R',)",
15572,15614,1,1.8,"('14R',)",
15614,15621,1,2.2,"('14R',)",
15621,15616,1,2.2666666666666666,"('14R',)",
15616,15592,1,2.7333333333333334,"('14R',)",
15592,15602,1,2.6666666666666665,"('14R',)",
13352,13408,1,0.6,"('18',)",
13408,16952,1,0.7333333333333333,"('18',)",
16952,16954,1,1.15,"('18',)",
16954,14838,1,1.0,"('18',)",
14838,17852,1,1.8166666666666667,"('18',)",
17852,16433,1,1.9666666666666666,"('18',)",
16433,16446,1,0.6166666666666667,"('18',)",
16446,16450,2,1.05,"('18', '23')",0.0
16450,13604,1,0.23333333333333334,"('18',)",
13589,13586,1,0.5833333333333334,"('18',)",
13586,13585,1,0.6333333333333333,"('18',)",
13579,13577,1,0.7166666666666667,"('18',)",
13577,13575,1,0.5166666666666667,"('18',)",
13582,15324,1,0.31666666666666665,"('18',)",
15328,14779,1,1.1833333333333333,"('18',)",
14779,14844,1,1.35,"('18',)",
13925,13572,1,0.7833333333333333,"('18',)",
13572,13570,1,0.7,"('18',)",
13570,13066,1,0.75,"('18',)",
13066,13064,1,1.0833333333333333,"('18',)",
13059,13553,1,0.4166666666666667,"('18',)",
13552,13559,1,0.7666666666666667,"('18',)",
13559,13555,1,0.45,"('18',)",
13555,14069,1,0.2,"('18',)",
13093,15992,1,1.0666666666666667,"('19',)",
15992,15988,1,0.9333333333333333,"('19',)",
15988,15990,1,1.1833333333333333,"('19',)",
15990,16004,1,1.7166666666666666,"('19',)",
16004,15984,1,2.05,"('19',)",
15984,16007,1,1.25,"('19',)",
16007,16000,1,0.8,"('19',)",
16000,15996,1,1.7833333333333334,"('19',)",
15996,16002,1,1.2166666666666666,"('19',)",
16002,15993,1,1.8,"('19',)",
15993,14490,1,1.45,"('19',)",
14490,14482,1,0.9166666666666666,"('19',)",
15087,15079,1,1.3,"('19',)",
15079,15071,1,1.0,"('19',)",
15071,13209,1,0.6666666666666666,"('19',)",
13209,13208,1,1.4166666666666667,"('19',)",
13208,17677,1,0.5333333333333333,"('19',)",
13205,13206,1,0.6,"('19',)",
13203,14437,1,0.9666666666666667,"('19',)",
14437,16201,1,0.4,"('19',)",
16201,16187,1,0.5166666666666667,"('19',)",
16191,16203,1,0.65,"('19',)",
16192,16193,1,0.45,"('19',)",
16193,16195,1,0.5833333333333334,"('19',)",
16195,16204,1,0.38333333333333336,"('19',)",
16196,16186,1,0.2833333333333333,"('19',)",
16186,16197,1,0.55,"('19',)",
16197,16198,1,0.35,"('19',)",
16200,13517,1,0.4666666666666667,"('19',)",
13517,13513,1,1.0166666666666666,"('19',)",
13513,13505,1,0.7666666666666667,"('19',)",
14130,14132,1,0.6833333333333333,"('19',)",
14132,14549,1,1.0333333333333334,"('19',)",
14562,17285,1,1.6666666666666667,"('19',)",
14560,14547,1,0.31666666666666665,"('19',)",
14547,14553,1,0.7833333333333333,"('19',)",
14552,17719,1,0.18333333333333332,"('19',)",
17719,15504,1,0.48333333333333334,"('19',)",
15504,15500,1,0.2,"('19',)",
15104,15102,1,0.3,"('19',)",
15102,15100,1,0.43333333333333335,"('19',)",
15633,17860,1,1.05,"('19',)",
13557,13555,1,1.1166666666666667,"('1X',)",
13555,13548,2,0.5333333333333333,"('1X', '1')",0.0
13548,13546,2,0.6,"('1X', '1')",0.0
13546,13844,2,0.8833333333333333,"('1X', '1')",0.0
13842,13840,2,1.0666666666666667,"('1X', '1')",0.0
13840,13838,2,1.1333333333333333,"('1X', '1')",0.0
13834,13887,2,0.9166666666666666,"('1X', '1')",0.0
13887,13832,2,0.55,"('1X', '1')",0.0
13832,13830,2,0.7166666666666667,"('1X', '1')",0.0
13827,13825,2,0.4,"('1X', '1')",0.0
13825,13823,2,0.9333333333333333,"('1X', '1')",0.0
13823,13846,2,1.5666666666666667,"('1X', '1')",0.0
13846,13853,2,1.2,"('1X', '1')",0.0
13853,13897,2,1.35,"('1X', '1')",0.0
13897,13876,2,1.4666666666666666,"('1X', '1')",0.0
13876,13893,2,1.4833333333333334,"('1X', '1')",0.0
13893,17302,1,15.9,"('1X',)",
17302,16332,1,0.43333333333333335,"('1X',)",
16332,13851,1,0.85,"('1X',)",
13851,14347,1,0.8166666666666667,"('1X',)",
16089,16605,1,2.0,"('2',)",
16605,16586,1,1.1166666666666667,"('2',)",
16586,16590,1,1.5333333333333334,"('2',)",
16590,16608,1,0.45,"('2',)",
16608,16610,1,1.2833333333333334,"('2',)",
16610,16592,1,0.6166666666666667,"('2',)",
16592,16588,1,1.5166666666666666,"('2',)",
16588,16600,1,0.55,"('2',)",
16600,16018,1,0.8333333333333334,"('2',)",
16018,16020,1,0.48333333333333334,"('2',)",
16020,16124,1,0.9,"('2',)",
16124,16024,1,1.7166666666666666,"('2',)",
16024,16021,1,1.1833333333333333,"('2',)",
16021,16016,1,1.1666666666666667,"('2',)",
16016,16126,1,0.9166666666666666,"('2',)",
16126,16017,1,1.0666666666666667,"('2',)",
16017,16127,1,1.0166666666666666,"('2',)",
16127,16023,1,1.05,"('2',)",
16023,16022,1,1.6,"('2',)",
16125,16019,1,1.95,"('2',)",
16019,17264,1,2.716666666666667,"('2',)",
17264,15658,4,1.4055555555555557,"('2', '6', '9R', 'NBUS')",0.0
15658,16475,3,1.5333333333333332,"('2', '6', '9R')",2.131343283582089
16475,16497,1,2.15,"('2',)",
15071,14997,1,1.9,"('21',)",
14997,15013,1,2.1,"('21',)",
15013,14996,1,1.5666666666666667,"('21',)",
14996,14998,1,1.4166666666666667,"('21',)",
14998,14983,1,1.0833333333333333,"('21',)",
14983,15014,1,0.8,"('21',)",
15014,14993,1,0.8333333333333334,"('21',)",
15011,15003,1,0.6333333333333333,"('21',)",
15003,14991,1,2.8333333333333335,"('21',)",
14979,14985,1,1.2333333333333334,"('21',)",
14985,15001,1,1.2,"('21',)",
15001,14987,1,1.1333333333333333,"('21',)",
14987,15007,1,1.3333333333333333,"('21',)",
15007,15009,1,0.65,"('21',)",
15009,17499,1,1.8833333333333333,"('21',)",
14603,14630,1,0.38333333333333336,"('22',)",
14630,14607,1,0.35,"('22',)",
14607,14625,1,0.4666666666666667,"('22',)",
14625,14606,1,1.1333333333333333,"('22',)",
14606,14610,1,0.65,"('22',)",
14610,14609,1,1.0166666666666666,"('22',)",
14609,14627,1,0.6833333333333333,"('22',)",
14627,16754,1,1.3833333333333333,"('22',)",
16754,16491,1,0.9333333333333333,"('22',)",
16491,16488,1,0.3333333333333333,"('22',)",
16488,16493,1,0.6333333333333333,"('22',)",
16493,13086,1,0.5666666666666667,"('22',)",
13086,14605,1,0.85,"('22',)",
14605,14624,1,0.7833333333333333,"('22',)",
14624,14637,1,1.3333333333333333,"('22',)",
14637,14636,1,1.2,"('22',)",
14636,14641,1,1.3,"('22',)",
14641,14615,1,1.5333333333333334,"('22',)",
14615,14634,1,0.8,"('22',)",
14634,14612,1,1.2666666666666666,"('22',)",
14612,14642,1,1.1,"('22',)",
14629,14617,1,1.0333333333333334,"('22',)",
14617,14622,1,0.8833333333333333,"('22',)",
14622,14632,1,1.2833333333333334,"('22',)",
14618,15018,1,1.55,"('22',)",
14005,18059,1,1.6,"('22',)",
18059,13984,1,1.3166666666666667,"('22',)",
13984,13285,1,0.8333333333333334,"('22',)",
13285,13301,1,1.8,"('22',)",
13301,13293,1,1.05,"('22',)",
13293,13299,1,1.2333333333333334,"('22',)",
13299,13282,2,2.4,"('22', '33')",0.7696428571428572
13282,13296,2,0.6333333333333333,"('22', '33')",1.3660714285714286
17761,17762,1,0.9833333333333333,"('22',)",
17763,17866,1,1.5,"('22',)",
17866,17764,1,0.6166666666666667,"('22',)",
17764,17321,1,1.4666666666666666,"('22',)",
15863,15878,1,0.7,"('23',)",
15878,15879,1,0.7166666666666667,"('23',)",
15879,15881,2,0.7666666666666667,"('23', '24')",0.0
15883,15867,2,0.95,"('23', '24')",0.0
15867,18003,1,1.2,"('23',)",
18003,17032,1,1.05,"('23',)",
17032,13779,1,2.0166666666666666,"('23',)",
13779,17313,1,0.36666666666666664,"('23',)",
17313,14201,1,1.8166666666666667,"('23',)",
14201,14195,1,0.7333333333333333,"('23',)",
14195,17689,1,0.5666666666666667,"('23',)",
17689,14189,1,0.3,"('23',)",
14189,14203,1,0.5166666666666667,"('23',)",
14203,14199,1,0.4,"('23',)",
14199,14197,1,0.6666666666666666,"('23',)",
14197,14198,1,0.5333333333333333,"('23',)",
14198,13703,1,1.1,"('23',)",
13703,13701,1,1.0666666666666667,"('23',)",
13701,13704,1,0.8166666666666667,"('23',)",
13704,14387,1,1.1166666666666667,"('23',)",
14387,15420,1,1.3166666666666667,"('23',)",
15420,15422,1,0.5,"('23',)",
15422,15424,1,0.6333333333333333,"('23',)",
15432,15435,1,0.5833333333333334,"('23',)",
15435,15439,1,0.45,"('23',)",
15439,15444,1,0.6,"('23',)",
15444,15437,1,0.43333333333333335,"('23',)",
15441,15430,1,0.3333333333333333,"('23',)",
15430,15443,1,0.9666666666666667,"('23',)",
17425,16375,1,0.6166666666666667,"('23',)",
16375,16505,1,0.4166666666666667,"('23',)",
16437,16456,1,0.65,"('23',)",
16463,16457,1,0.55,"('23',)",
16442,16445,1,0.8333333333333334,"('23',)",
16445,16446,1,0.6833333333333333,"('23',)",
16450,16453,1,0.2,"('23',)",
13141,15490,1,1.1166666666666667,"('24',)",
15490,15491,1,0.3,"('24',)",
15491,17756,1,0.45,"('24',)",
17756,15879,1,0.6833333333333333,"('24',)",
15867,15096,1,0.8833333333333333,"('24',)",
15096,15092,1,1.25,"('24',)",
15092,18081,1,0.8333333333333334,"('24',)",
18081,14147,1,1.15,"('24',)",
14147,14158,1,0.9833333333333333,"('24',)",
14153,14151,1,0.4,"('24',)",
14151,14142,1,0.8166666666666667,"('24',)",
14142,14145,1,0.9166666666666666,"('24',)",
14145,14149,1,0.75,"('24',)",
14156,13540,1,0.7666666666666667,"('24',)",
13535,13543,1,0.85,"('24',)",
15737,15735,1,0.7833333333333333,"('24',)",
13520,13514,1,0.7,"('24',)",
14329,14326,1,1.0166666666666666,"('24',)",
14326,14332,1,0.26666666666666666,"('24',)",
14332,14324,1,0.35,"('24',)",
14324,14323,1,0.65,"('24',)",
14323,14320,1,0.6,"('24',)",
14320,14319,1,0.6666666666666666,"('24',)",
14319,14317,1,0.6166666666666667,"('24',)",
14313,14311,1,1.1,"('24',)",
14311,14310,1,0.8666666666666667,"('24',)",
14310,14307,1,1.2166666666666666,"('24',)",
14331,14423,1,2.0833333333333335,"('24',)",
14423,14431,1,1.2833333333333334,"('24',)",
14431,14425,1,1.3166666666666667,"('24',)",
14425,14428,1,1.9666666666666666,"('24',)",
14428,14414,1,1.4333333333333333,"('24',)",
14414,14421,1,1.45,"('24',)",
14421,14434,1,1.55,"('24',)",
14434,14408,1,0.5166666666666667,"('24',)",
14408,14409,1,1.0666666666666667,"('24',)",
14409,14412,1,1.0,"('24',)",
14427,15161,1,0.7333333333333333,"('24',)",
15161,15163,1,1.4666666666666666,"('24',)",
15163,16931,1,1.9333333333333333,"('24',)",
18000,18121,1,1.3,"('25',)",
18121,13229,1,1.8666666666666667,"('25',)",
13229,18020,1,1.4833333333333334,"('25',)",
18020,18021,1,0.6333333333333333,"('25',)",
18021,17556,1,0.31666666666666665,"('25',)",
17556,17557,1,0.5666666666666667,"('25',)",
17557,17558,1,0.8333333333333334,"('25',)",
14936,14934,1,0.6166666666666667,"('25',)",
14934,14935,1,0.9833333333333333,"('25',)",
14935,13670,1,0.55,"('25',)",
13670,17004,1,1.7833333333333334,"('25',)",
17004,18122,1,1.95,"('25',)",
18122,18018,1,2.283333333333333,"('25',)",
18018,14723,1,10.266666666666667,"('25',)",
14723,17917,1,0.7333333333333333,"('25',)",
13476,16877,1,0.8833333333333333,"('27',)",
16877,16879,1,0.75,"('27',)",
16879,17592,1,1.1333333333333333,"('27',)",
17551,13932,1,1.6,"('27',)",
13932,13934,1,0.8333333333333334,"('27',)",
13934,13930,1,0.7,"('27',)",
13930,13751,1,0.9666666666666667,"('27',)",
13751,13749,1,0.7666666666666667,"('27',)",
13749,13746,1,0.6166666666666667,"('27',)",
13746,13744,1,0.5333333333333333,"('27',)",
13744,13742,1,0.7333333333333333,"('27',)",
13742,13740,1,0.5,"('27',)",
13735,13757,1,0.48333333333333334,"('27',)",
13732,13730,1,0.6333333333333333,"('27',)",
13730,14668,1,2.1666666666666665,"('27',)",
14668,14667,1,1.5,"('27',)",
14667,14664,1,1.9666666666666666,"('27',)",
14664,14663,1,1.4833333333333334,"('27',)",
14663,14662,1,0.9,"('27',)",
14662,13192,1,1.2166666666666666,"('27',)",
13192,13194,1,0.7833333333333333,"('27',)",
13194,13195,1,1.0333333333333334,"('27',)",
13195,18047,1,0.95,"('27',)",
18047,18048,1,2.4166666666666665,"('27',)",
18048,14867,1,2.6166666666666667,"('27',)",
14867,14865,1,0.85,"('27',)",
14869,14871,1,1.2833333333333334,"('27',)",
14868,14863,1,0.5666666666666667,"('27',)",
14863,14870,1,0.5833333333333334,"('27',)",
14870,14864,1,0.55,"('27',)",
14866,15151,1,0.9833333333333333,"('27',)",
15151,15158,1,1.45,"('27',)",
15158,15166,1,0.6666666666666666,"('27',)",
15166,17919,1,1.0,"('27',)",
17038,15466,1,2.1666666666666665,"('28',)",
15466,15460,1,1.05,"('28',)",
15460,15458,1,0.9333333333333333,"('28',)",
15458,15464,2,1.0,"('28', '30')",0.0
15464,15468,2,1.2833333333333334,"('28', '30')",0.0
15468,16819,2,1.2166666666666666,"('28', '30')",0.0
16801,17800,1,1.5166666666666666,"('28',)",
17800,15280,1,1.0,"('28',)",
15280,15275,1,1.55,"('28',)",
15275,15285,2,0.9166666666666666,"('28', '43')",0.0
15273,16182,1,0.7166666666666667,"('28',)",
16182,14773,1,5.166666666666667,"('28',)",
14773,14776,1,0.15,"('28',)",
14776,15948,1,5.05,"('28',)",
15948,15952,2,0.9166666666666666,"('28', '28R')",0.715
15952,15947,1,0.75,"('28',)",
15947,15951,1,0.6333333333333333,"('28',)",
15951,13371,1,2.816666666666667,"('28',)",
13371,13359,1,0.6,"('28',)",
13359,13365,1,0.8333333333333334,"('28',)",
13365,13369,1,1.2666666666666666,"('28',)",
13369,13375,1,1.4333333333333333,"('28',)",
13375,13380,1,0.6833333333333333,"('28',)",
13380,13384,1,1.3666666666666667,"('28',)",
13384,13389,1,0.65,"('28',)",
13389,13395,1,1.4166666666666667,"('28',)",
13395,13399,1,1.3,"('28',)",
13399,13390,1,1.45,"('28',)",
17448,13356,2,2.5166666666666666,"('28', '28R')",0.6633333333333333
13356,13363,1,0.9833333333333333,"('28',)",
13363,15136,1,0.6666666666666666,"('28',)",
15136,15135,1,0.9166666666666666,"('28',)",
15135,17925,1,3.433333333333333,"('28',)",
13706,13023,1,0.4166666666666667,"('29',)",
13023,13705,1,0.36666666666666664,"('29',)",
13705,13498,1,0.5333333333333333,"('29',)",
13498,13491,1,0.6833333333333333,"('29',)",
13491,18135,1,0.15,"('29',)",
18135,13495,1,0.6166666666666667,"('29',)",
13495,13500,1,0.7833333333333333,"('29',)",
13500,13489,1,1.5833333333333333,"('29',)",
13489,13499,1,1.55,"('29',)",
13499,15309,1,4.316666666666666,"('29',)",
15309,15310,2,0.6333333333333333,"('29', '7')",1.1349397590361445
15310,15314,1,0.9166666666666666,"('29',)",
15314,15316,1,0.45,"('29',)",
15318,15320,1,0.4666666666666667,"('29',)",
13562,16529,1,0.95,"('29',)",
16529,16535,1,1.0,"('29',)",
16535,16539,1,0.9666666666666667,"('29',)",
16548,16549,2,0.55,"('29', '48')",0.0
16549,16555,1,0.9,"('29',)",
16559,16564,1,0.9333333333333333,"('29',)",
16541,14839,1,2.25,"('29',)",
14839,16955,2,1.05,"('29', '58')",0.0
16955,16953,2,1.3,"('29', '58')",0.0
16953,16951,2,0.85,"('29', '58')",0.0
16951,13356,1,1.7833333333333334,"('29',)",
13356,14207,1,0.5166666666666667,"('29',)",
14207,15037,1,1.6666666666666667,"('29',)",
15037,15034,1,0.2833333333333333,"('29',)",
15034,13689,1,0.7333333333333333,"('29',)",
13689,17325,1,0.55,"('29',)",
17326,14254,1,0.8,"('29',)",
14247,14912,1,0.7166666666666667,"('29',)",
14912,14908,1,0.6,"('29',)",
14910,14915,1,0.3,"('29',)",
14915,15962,1,0.6666666666666666,"('29',)",
15962,15974,1,0.75,"('29',)",
15795,17036,2,0.6333333333333333,"('29', 'KBUS')",0.0
15791,15781,2,0.6833333333333333,"('29', '49')",0.0
15781,15805,2,1.1666666666666667,"('29', '49')",0.0
15805,15800,2,1.2166666666666666,"('29', '49')",0.0
15800,15783,2,1.05,"('29', '49')",0.0
15919,15911,1,0.4,"('29',)",
15917,15906,1,0.43333333333333335,"('29',)",
15906,15915,1,0.16666666666666666,"('29',)",
15921,15908,1,1.3166666666666667,"('29',)",
15908,15348,1,1.0166666666666666,"('29',)",
15348,15354,1,1.5333333333333334,"('29',)",
15354,15340,2,0.36666666666666664,"('29', '56')",4.036585365853658
15340,15344,2,0.3333333333333333,"('29', '56')",4.065853658536585
15344,15351,2,0.31666666666666665,"('29', '56')",4.2682926829268295
15351,15341,1,0.23333333333333334,"('29',)",
15341,15338,1,0.21666666666666667,"('29',)",
15349,16363,1,1.05,"('29',)",
16363,15905,1,0.85,"('29',)",
15905,15903,1,1.0666666666666667,"('29',)",
15900,14648,1,0.6333333333333333,"('29',)",
18109,13114,1,1.2166666666666666,"('30',)",
13114,13144,1,2.316666666666667,"('30',)",
13144,13124,2,2.183333333333333,"('30', '8')",0.0
13124,13136,2,1.9,"('30', '8')",0.0
13136,14821,2,1.3,"('30', '8')",0.0
14821,16596,1,2.0,"('30',)",
16596,16523,1,1.0,"('30',)",
16523,16511,1,3.533333333333333,"('30',)",
18116,16520,1,1.4,"('30',)",
16520,16512,1,2.716666666666667,"('30',)",
16512,14119,1,2.35,"('30',)",
14119,14115,1,1.8333333333333333,"('30',)",
14115,14103,1,1.9666666666666666,"('30',)",
14103,14106,1,0.8333333333333334,"('30',)",
14106,14116,1,1.1333333333333333,"('30',)",
14116,15458,1,1.7333333333333334,"('30',)",
13612,16733,1,1.1666666666666667,"('31',)",
16733,16719,1,2.216666666666667,"('31',)",
16719,16721,1,1.1166666666666667,"('31',)",
16721,16718,1,1.15,"('31',)",
16718,16720,1,0.9166666666666666,"('31',)",
16720,14481,1,1.0166666666666666,"('31',)",
14481,14489,1,0.95,"('31',)",
14489,14494,1,1.4666666666666666,"('31',)",
14494,14477,1,1.6166666666666667,"('31',)",
14477,14484,1,1.3333333333333333,"('31',)",
14484,14472,1,0.7333333333333333,"('31',)",
14472,14475,1,1.45,"('31',)",
14491,14415,1,0.7833333333333333,"('31',)",
14415,16712,1,1.2,"('31',)",
16712,16710,1,0.8333333333333334,"('31',)",
16710,16722,1,0.6333333333333333,"('31',)",
16722,16716,1,0.7166666666666667,"('31',)",
16716,16724,1,0.5166666666666667,"('31',)",
16724,16730,1,0.9833333333333333,"('31',)",
16730,16714,1,0.65,"('31',)",
16714,16727,1,0.5833333333333334,"('31',)",
16727,16731,1,0.7666666666666667,"('31',)",
13067,13032,1,1.05,"('31',)",
13034,13036,1,0.6166666666666667,"('31',)",
13049,13051,1,0.8,"('31',)",
13051,13053,1,1.0,"('31',)",
13057,13060,1,0.9333333333333333,"('31',)",
13060,13061,1,0.8833333333333333,"('31',)",
13061,13063,1,1.0666666666666667,"('31',)",
13063,13065,1,1.0833333333333333,"('31',)",
13573,13924,1,0.7,"('31',)",
13924,13927,1,0.48333333333333334,"('31',)",
16293,13852,1,2.0,"('33',)",
13852,13644,1,0.8833333333333333,"('33',)",
13644,13645,1,1.0833333333333333,"('33',)",
13645,13649,1,0.7,"('33',)",
13649,13642,1,1.9,"('33',)",
13642,14224,1,1.3333333333333333,"('33',)",
14224,16479,1,1.2166666666666666,"('33',)",
16479,16481,1,0.8166666666666667,"('33',)",
16481,14963,1,1.7333333333333334,"('33',)",
14963,14947,1,1.6166666666666667,"('33',)",
14947,13665,1,0.8666666666666667,"('33',)",
13665,17295,1,0.8333333333333334,"('33',)",
13663,13657,1,0.48333333333333334,"('33',)",
13657,17220,1,0.6333333333333333,"('33',)",
17220,14070,1,0.9666666666666667,"('33',)",
14070,14076,1,1.1,"('33',)",
14076,14080,1,0.5666666666666667,"('33',)",
14080,15663,1,0.31666666666666665,"('33',)",
15663,13328,1,1.2333333333333334,"('33',)",
13328,13336,1,0.95,"('33',)",
13336,13329,1,1.2,"('33',)",
13323,13331,1,0.9333333333333333,"('33',)",
13331,13334,1,0.9833333333333333,"('33',)",
13349,15553,1,1.3,"('33',)",
13292,13299,1,1.2666666666666666,"('33',)",
13296,17911,1,0.7666666666666667,"('33',)",
17911,17912,3,1.1666666666666667,"('33', '90', '9')",0.0
17912,16034,3,1.4333333333333333,"('33', '90', '9')",0.0
16034,16037,3,1.1166666666666667,"('33', '90', '9')",0.0
16037,16039,3,1.2,"('33', '90', '9')",0.0
16039,13511,1,0.5833333333333334,"('33',)",
14334,14315,1,0.6333333333333333,"('35',)",
14316,14318,1,0.6833333333333333,"('35',)",
14318,13414,1,0.4666666666666667,"('35',)",
13415,14538,1,0.6666666666666666,"('35',)",
14540,14444,1,0.7,"('35',)",
14444,14443,1,1.0166666666666666,"('35',)",
14443,13465,1,0.8,"('35',)",
13465,14372,1,0.6166666666666667,"('35',)",
14372,14390,1,0.3333333333333333,"('35',)",
14390,14375,1,0.4166666666666667,"('35',)",
14385,14377,1,0.35,"('35',)",
14377,14398,1,0.26666666666666666,"('35',)",
14379,14380,1,0.5833333333333334,"('35',)",
14380,14397,1,0.7666666666666667,"('35',)",
14397,13615,1,1.0833333333333333,"('35',)",
13615,13618,1,0.5333333333333333,"('35',)",
13618,14579,1,1.0,"('35',)",
14579,15634,1,1.15,"('35',)",
15634,13096,1,0.48333333333333334,"('35',)",
13096,13693,1,0.8833333333333333,"('35',)",
13693,17867,1,0.8333333333333334,"('35',)",
13972,13969,1,0.55,"('35',)",
13976,13967,1,1.1,"('35',)",
15247,16933,2,1.25,"('36', '44')",0.0
16933,16935,2,0.26666666666666666,"('36', '44')",0.0
16935,16940,2,0.5,"('36', '44')",0.0
16940,16938,1,0.48333333333333334,"('36',)",
16938,14238,1,0.85,"('36',)",
14238,16665,1,0.8,"('36',)",
16665,16673,1,0.5,"('36',)",
16673,16229,1,0.4166666666666667,"('36',)",
16229,16228,1,0.4,"('36',)",
16228,15456,1,0.35,"('36',)",
15456,15451,1,0.38333333333333336,"('36',)",
15451,15453,1,0.23333333333333334,"('36',)",
15453,15452,1,0.6333333333333333,"('36',)",
15452,15454,1,0.5833333333333334,"('36',)",
15454,15450,1,0.26666666666666666,"('36',)",
15450,15455,1,0.2833333333333333,"('36',)",
15455,17307,1,0.21666666666666667,"('36',)",
17307,16679,1,0.65,"('36',)",
16679,16671,1,0.25,"('36',)",
16671,16664,1,0.36666666666666664,"('36',)",
16666,16681,1,0.3,"('36',)",
15429,15427,1,1.0,"('36',)",
15427,15425,1,0.6666666666666666,"('36',)",
15425,15423,1,0.8333333333333334,"('36',)",
15423,14386,1,2.85,"('36',)",
14386,14388,1,0.3333333333333333,"('36',)",
14388,13973,1,0.4666666666666667,"('36',)",
13971,13968,1,0.75,"('36',)",
13538,15571,1,0.7666666666666667,"('36',)",
15571,17902,1,3.0,"('36',)",
16086,13712,1,0.7166666666666667,"('37',)",
13712,13713,1,0.4666666666666667,"('37',)",
13713,16012,1,0.8166666666666667,"('37',)",
16012,14173,1,1.4166666666666667,"('37',)",
14169,14168,1,0.7333333333333333,"('37',)",
14168,14186,1,0.6166666666666667,"('37',)",
14186,14177,1,0.36666666666666664,"('37',)",
14166,14172,1,0.7833333333333333,"('37',)",
14172,14165,1,0.5833333333333334,"('37',)",
14165,14183,1,0.3,"('37',)",
14183,14174,1,0.26666666666666666,"('37',)",
14174,14163,1,0.35,"('37',)",
14163,14180,1,0.5,"('37',)",
14180,14176,1,0.45,"('37',)",
14176,15665,1,1.7,"('37',)",
15665,15687,1,0.8,"('37',)",
15687,15691,1,1.35,"('37',)",
15691,13254,1,1.85,"('37',)",
13254,13260,1,0.5666666666666667,"('37',)",
13256,13253,1,0.38333333333333336,"('37',)",
13819,13818,1,0.7666666666666667,"('37',)",
13818,16796,1,1.0833333333333333,"('37',)",
16796,16797,1,0.21666666666666667,"('37',)",
13309,13307,1,0.2833333333333333,"('37',)",
13310,14090,1,0.6,"('37',)",
14097,14091,1,0.43333333333333335,"('37',)",
14091,14099,1,0.9333333333333333,"('37',)",
14099,14095,2,0.23333333333333334,"('37', 'NBUS')",0.0
14095,14947,2,0.4666666666666667,"('37', 'NBUS')",0.0
13608,14286,2,0.95,"('38', '38R')",0.0
14286,14285,2,1.0666666666666667,"('38', '38R')",0.0
14285,14283,2,0.8833333333333333,"('38', '38R')",0.0
14283,14281,2,0.9833333333333333,"('38', '38R')",0.0
14281,14279,2,1.1166666666666667,"('38', '38R')",0.0
14279,14275,1,0.5666666666666667,"('38',)",
14275,14274,1,0.55,"('38',)",
14274,14272,1,0.7333333333333333,"('38',)",
14272,14270,1,1.2166666666666666,"('38',)",
14270,14268,1,0.75,"('38',)",
14268,14266,1,1.1,"('38',)",
14266,14264,1,1.1333333333333333,"('38',)",
14264,14756,1,0.95,"('38',)",
14756,14260,1,1.75,"('38',)",
14260,14258,1,1.25,"('38',)",
14258,14256,1,1.1666666666666667,"('38',)",
14288,14764,1,0.8833333333333333,"('38',)",
14763,14291,1,1.3166666666666667,"('38',)",
14291,17953,1,1.4333333333333333,"('38',)",
17953,14765,1,1.2333333333333334,"('38',)",
14765,14294,1,0.8166666666666667,"('38',)",
14761,17954,1,1.4,"('38',)",
17954,14305,2,1.7833333333333334,"('38', '38R')",0.0
14305,16425,1,1.55,"('38',)",
16425,15818,1,1.0166666666666666,"('38',)",
17301,15817,2,1.2833333333333334,"('38', '38R')",0.0
15817,15810,2,1.3833333333333333,"('38', '38R')",0.0
15810,15641,2,1.6166666666666667,"('38', '38R')",0.0
15641,15638,2,2.7666666666666666,"('38', '38R')",0.0
15638,13089,2,2.283333333333333,"('38', '38R')",0.0
13089,17916,1,1.3833333333333333,"('38',)",
14279,14270,1,3.066666666666667,"('38R',)",
14270,14266,1,1.85,"('38R',)",
14266,14756,1,2.0833333333333335,"('38R',)",
14756,14258,1,2.7,"('38R',)",
14258,14288,1,1.9166666666666667,"('38R',)",
14288,17953,1,4.383333333333334,"('38R',)",
17953,14294,1,3.0833333333333335,"('38R',)",
14294,17954,1,2.9166666666666665,"('38R',)",
14305,15818,1,3.216666666666667,"('38R',)",
15818,17301,1,3.716666666666667,"('38R',)",
13089,17915,1,1.95,"('38R',)",
14087,16654,1,0.6,"('39',)",
16654,16656,1,0.5666666666666667,"('39',)",
16656,16653,1,0.23333333333333334,"('39',)",
16653,15278,1,0.5166666666666667,"('39',)",
15278,15276,1,0.6833333333333333,"('39',)",
15276,15286,1,0.6666666666666666,"('39',)",
15286,16517,1,0.5333333333333333,"('39',)",
16515,16525,1,0.4666666666666667,"('39',)",
16765,16776,1,0.85,"('39',)",
16776,16775,1,0.016666666666666666,"('39',)",
16775,16764,1,0.8666666666666667,"('39',)",
16758,16750,1,1.25,"('39',)",
16750,16060,1,2.066666666666667,"('39',)",
16060,16056,2,1.15,"('39', '8')",0.0
16056,16045,2,0.6,"('39', '8')",0.0
16045,16065,1,0.65,"('39',)",
16065,15471,1,1.3333333333333333,"('39',)",
14729,15257,1,1.3166666666666667,"('43',)",
15257,15275,1,1.7833333333333334,"('43',)",
15273,15282,1,1.1833333333333333,"('43',)",
15282,15293,1,1.8833333333333333,"('43',)",
15293,15020,1,1.4333333333333333,"('43',)",
15020,17383,1,0.38333333333333336,"('43',)",
17383,17027,1,0.9333333333333333,"('43',)",
17027,16104,1,0.65,"('43',)",
16104,16107,1,0.9166666666666666,"('43',)",
16107,16094,1,2.433333333333333,"('43',)",
16094,16090,1,0.5666666666666667,"('43',)",
16090,16089,1,0.6833333333333333,"('43',)",
16089,16099,1,1.5833333333333333,"('43',)",
16099,16093,1,0.8333333333333334,"('43',)",
16093,15710,1,0.8166666666666667,"('43',)",
15710,15719,1,1.6166666666666667,"('43',)",
15719,15705,1,1.55,"('43',)",
15705,15715,1,0.75,"('43',)",
15715,15717,1,1.1166666666666667,"('43',)",
15717,15712,1,0.7333333333333333,"('43',)",
15712,14946,1,1.0666666666666667,"('43',)",
14946,14096,2,0.5166666666666667,"('43', 'NOWL')",0.0
14096,14094,2,0.7833333333333333,"('43', 'NOWL')",0.0
14094,14092,1,0.5,"('43',)",
14092,15889,1,0.36666666666666664,"('43',)",
15889,15893,1,0.31666666666666665,"('43',)",
15893,15895,1,0.55,"('43',)",
15897,15891,1,0.7833333333333333,"('43',)",
15891,15887,1,0.5833333333333334,"('43',)",
15885,15190,1,0.6666666666666666,"('43',)",
15190,15191,1,0.4666666666666667,"('43',)",
15191,13215,1,0.8666666666666667,"('43',)",
13215,13216,3,0.6000000000000001,"('43', '44', '66')",1.8829268292682928
13216,13218,3,0.7166666666666667,"('43', '44', '66')",1.5878048780487803
13218,14853,2,0.6,"('43', '44')",0.0
14853,13188,2,0.7,"('43', '44')",0.0
13188,15253,2,0.5833333333333334,"('43', '44')",0.0
15253,14878,2,1.5666666666666667,"('43', '44')",0.0
14878,15247,2,1.35,"('43', '44')",0.0
15256,14877,1,0.35,"('43',)",
14877,15250,1,0.4166666666666667,"('43',)",
15250,15254,1,0.45,"('43',)",
15254,16122,1,0.6333333333333333,"('43',)",
15515,15513,1,0.85,"('43',)",
16988,16986,1,0.26666666666666666,"('43',)",
16990,15968,1,0.2833333333333333,"('43',)",
15973,15445,1,0.48333333333333334,"('43',)",
15445,15440,1,0.7166666666666667,"('43',)",
15434,14792,1,0.6166666666666667,"('43',)",
14792,15171,1,0.7,"('43',)",
15171,15925,1,0.9666666666666667,"('43',)",
15925,15929,1,0.5333333333333333,"('43',)",
15923,14882,1,1.2166666666666666,"('43',)",
14882,14805,2,1.0833333333333333,"('43', '8')",0.0
14805,14811,3,2.208333333333333,"('43', '54', '8')",0.0
14811,17671,3,2.025,"('43', '54', '8')",0.0
17671,14883,3,1.275,"('43', '54', '8')",0.0
14336,16081,1,0.4,"('43',)",
16080,14138,1,0.3,"('43',)",
16470,15631,1,0.5166666666666667,"('43',)",
17844,13181,1,4.683333333333334,"('44',)",
13181,13185,1,1.3166666666666667,"('44',)",
13185,13178,1,1.7833333333333334,"('44',)",
13178,17538,1,1.1166666666666667,"('44',)",
13202,14772,1,2.033333333333333,"('44',)",
14772,13221,1,3.066666666666667,"('44',)",
13221,13213,1,0.9,"('44',)",
13213,13215,1,0.7833333333333333,"('44',)",
16940,15834,1,0.9166666666666666,"('44',)",
15834,15831,1,2.3,"('44',)",
15831,15833,1,2.45,"('44',)",
15833,13694,1,1.5333333333333334,"('44',)",
13694,13699,1,1.2333333333333334,"('44',)",
13699,13696,1,0.55,"('44',)",
13696,15330,1,1.3833333333333333,"('44',)",
16394,16415,1,0.8333333333333334,"('44',)",
16415,16410,1,0.75,"('44',)",
16410,16402,1,0.85,"('44',)",
16402,16407,1,1.0333333333333334,"('44',)",
16399,16418,1,0.9333333333333333,"('44',)",
16404,16408,1,0.95,"('44',)",
16408,16412,1,0.4,"('44',)",
16421,16397,1,0.48333333333333334,"('44',)",
16397,17288,1,1.1666666666666667,"('44',)",
15880,15877,1,0.7666666666666667,"('44',)",
15876,15874,1,0.6333333333333333,"('44',)",
15874,15233,1,0.26666666666666666,"('44',)",
15233,15487,1,0.3333333333333333,"('44',)",
15488,16983,1,0.5833333333333334,"('44',)",
16983,15051,1,0.35,"('44',)",
15051,15045,2,0.9166666666666666,"('44', '54')",1.146808510638298
15045,15108,1,0.3,"('44',)",
15108,17187,1,0.38333333333333336,"('44',)",
17187,15503,1,0.25,"('44',)",
15503,15501,1,0.5666666666666667,"('44',)",
14550,14558,1,0.65,"('44',)",
14558,17077,1,0.5,"('44',)",
17077,17428,1,0.8166666666666667,"('44',)",
15331,18012,1,0.8333333333333334,"('45',)",
18012,16746,1,0.5166666666666667,"('45',)",
16746,16753,1,1.2333333333333334,"('45',)",
16753,16778,1,1.4166666666666667,"('45',)",
16778,16755,1,1.2166666666666666,"('45',)",
16755,16748,1,1.05,"('45',)",
16748,16771,1,0.5666666666666667,"('45',)",
16771,16757,1,1.1333333333333333,"('45',)",
16757,16787,1,1.0333333333333334,"('45',)",
16787,16780,1,0.5833333333333334,"('45',)",
16780,16767,1,0.6666666666666666,"('45',)",
16767,16761,1,0.4666666666666667,"('45',)",
16774,16751,1,1.0,"('45',)",
16751,16513,1,0.8,"('45',)",
16513,16521,3,1.4666666666666666,"('45', '8BX', '91')",0.0
16521,16526,4,1.8666666666666667,"('45', '8AX', '8BX', '91')",0.0
16526,16522,4,0.9222222222222223,"('45', '8AX', '8BX', '91')",0.0
16522,16524,4,3.072222222222223,"('45', '8AX', '8BX', '91')",0.0
16524,16516,4,1.616666666666667,"('45', '8AX', '8BX', '91')",0.0
16516,13161,5,1.8916666666666666,"('45', '8AX', '8BX', '91', 'TBUS')",0.0
13161,13160,4,1.3111111111111111,"('45', '8AX', '8BX', '91')",0.0
13160,13158,4,2.2944444444444443,"('45', '8AX', '8BX', '91')",0.0
13158,14968,3,1.8583333333333334,"('45', '8AX', '8BX')",0.0
14968,17622,1,2.2666666666666666,"('45',)",
17622,16695,1,1.1833333333333333,"('45',)",
16695,18110,1,0.9666666666666667,"('45',)",
13435,17523,1,1.2,"('48',)",
17523,17524,1,1.0166666666666666,"('48',)",
17524,13507,1,0.6166666666666667,"('48',)",
13507,13504,1,0.45,"('48',)",
13504,13512,1,0.5666666666666667,"('48',)",
13516,13522,1,0.3,"('48',)",
13522,15229,1,0.4166666666666667,"('48',)",
15229,15228,1,0.38333333333333336,"('48',)",
15228,15227,1,1.0333333333333334,"('48',)",
15227,13455,1,0.8666666666666667,"('48',)",
13453,13480,1,2.1,"('48',)",
13480,13458,1,1.5666666666666667,"('48',)",
13458,13473,1,1.6666666666666667,"('48',)",
13473,13469,1,1.3166666666666667,"('48',)",
13469,13483,1,1.15,"('48',)",
13483,13476,1,1.7166666666666666,"('48',)",
13476,13485,1,0.9333333333333333,"('48',)",
13485,13471,1,0.95,"('48',)",
13471,13466,1,1.0833333333333333,"('48',)",
13466,13460,1,0.85,"('48',)",
13478,14327,1,1.2833333333333334,"('48',)",
18067,14071,1,0.5166666666666667,"('48',)",
14071,16015,1,1.0,"('48',)",
16015,16123,1,1.0666666666666667,"('48',)",
16123,16113,1,0.9,"('48',)",
16113,16122,1,0.5333333333333333,"('48',)",
16122,16116,1,1.1333333333333333,"('48',)",
16014,17151,1,0.36666666666666664,"('48',)",
17151,16837,1,0.5,"('48',)",
16837,18037,1,0.7833333333333333,"('48',)",
16736,13251,1,0.5833333333333334,"('48',)",
13251,13250,1,0.6,"('48',)",
13250,13248,1,0.7,"('48',)",
13248,16468,1,0.9833333333333333,"('48',)",
16468,13305,1,0.7166666666666667,"('48',)",
16140,16142,2,0.6666666666666666,"('48', '66')",2.2
16142,16144,2,0.4166666666666667,"('48', '66')",2.326829268292683
16144,16146,2,0.43333333333333335,"('48', '66')",2.341463414634146
16146,16148,2,0.21666666666666667,"('48', '66')",2.3902439024390243
16148,16150,2,0.21666666666666667,"('48', '66')",2.4121951219512194
16150,16152,2,0.2,"('48', '66')",2.4048780487804877
16152,16154,1,0.65,"('48',)",
16154,16156,1,0.6333333333333333,"('48',)",
17885,16166,1,0.9666666666666667,"('48',)",
15926,15791,1,1.7,"('49',)",
15783,15801,1,1.1833333333333333,"('49',)",
15801,15586,1,1.6833333333333333,"('49',)",
15586,15620,1,1.3166666666666667,"('49',)",
15620,15624,1,1.1,"('49',)",
15624,15605,1,1.8833333333333333,"('49',)",
15605,15613,1,0.9833333333333333,"('49',)",
15613,15596,1,0.6833333333333333,"('49',)",
15596,15577,1,0.6333333333333333,"('49',)",
15577,15583,1,1.05,"('49',)",
15583,15571,1,0.6666666666666666,"('49',)",
15571,17841,1,2.55,"('49',)",
17841,15567,1,2.0833333333333335,"('49',)",
15567,15565,1,1.3666666666666667,"('49',)",
15565,15561,1,2.1333333333333333,"('49',)",
15561,15557,1,2.0166666666666666,"('49',)",
15557,15553,1,2.1666666666666665,"('49',)",
15551,15547,1,2.4166666666666665,"('49',)",
15547,15546,1,1.2833333333333334,"('49',)",
15546,18088,1,3.3,"('49',)",
18088,18089,1,2.433333333333333,"('49',)",
18089,18090,1,1.3833333333333333,"('49',)",
18092,18093,1,1.8166666666666667,"('49',)",
18095,18096,1,1.3,"('49',)",
16800,16806,2,0.6333333333333333,"('49', '91')",0.0
16806,16820,1,0.6,"('49',)",
17914,14725,2,2.5833333333333335,"('5', '5R')",0.0
14725,15689,2,2.4166666666666665,"('5', '5R')",0.0
15689,15684,2,1.8,"('5', '5R')",0.0
15684,15674,2,2.4833333333333334,"('5', '5R')",0.0
15674,15688,2,1.7166666666666666,"('5', '5R')",0.0
15688,15683,2,1.5833333333333333,"('5', '5R')",0.0
15683,17563,2,1.4166666666666667,"('5', '5R')",0.0
17563,15395,1,1.55,"('5',)",
15395,15397,1,0.75,"('5',)",
15397,15404,1,1.7,"('5',)",
15404,15393,1,1.15,"('5',)",
15393,15398,1,1.2166666666666666,"('5',)",
15398,15391,1,1.6333333333333333,"('5',)",
15391,15400,1,0.9,"('5',)",
15400,15389,1,1.0,"('5',)",
15389,15384,1,1.0333333333333334,"('5',)",
15384,14229,1,2.066666666666667,"('5',)",
14229,14225,1,0.9166666666666666,"('5',)",
14225,14233,1,0.85,"('5',)",
14233,14236,1,0.5166666666666667,"('5',)",
14236,14223,1,1.0166666666666666,"('5',)",
14730,14732,1,0.8,"('5',)",
14732,14734,2,0.7666666666666667,"('5', '5R')",0.0
14734,14736,2,0.8166666666666667,"('5', '5R')",0.0
14736,14231,2,1.3166666666666667,"('5', '5R')",0.0
14231,14742,2,1.6,"('5', '5R')",0.0
14746,14748,2,0.9166666666666666,"('5', '5R')",0.0
14748,17727,2,0.8666666666666667,"('5', '5R')",0.0
17727,17728,2,0.5833333333333334,"('5', '5R')",0.0
17728,14211,2,0.9666666666666667,"('5', '5R')",0.0
14213,17729,2,1.1,"('5', '5R')",0.0
14221,14844,2,0.8666666666666667,"('5', '5R')",0.005042016806722672
14844,14842,2,0.5333333333333333,"('5', '5R')",0.0
14842,13927,2,0.38333333333333336,"('5', '5R')",0.29295774647887324
17606,13628,1,3.2333333333333334,"('54',)",
13628,13622,1,0.7666666666666667,"('54',)",
13622,13631,1,0.6833333333333333,"('54',)",
13631,16324,1,1.1333333333333333,"('54',)",
16324,16323,1,0.95,"('54',)",
16323,15976,1,1.15,"('54',)",
15976,15954,1,0.7,"('54',)",
15954,15966,1,0.6333333333333333,"('54',)",
15966,15971,1,0.7166666666666667,"('54',)",
15971,15979,1,0.5,"('54',)",
15979,15963,1,0.18333333333333332,"('54',)",
14913,15446,1,0.8666666666666667,"('54',)",
15446,15447,1,0.3,"('54',)",
15447,15292,1,0.5333333333333333,"('54',)",
15292,15291,1,0.5833333333333334,"('54',)",
14883,14891,2,0.55,"('54', '8')",0.0
17979,17980,1,0.85,"('54',)",
17980,17981,1,0.8,"('54',)",
17982,16084,1,0.7833333333333333,"('54',)",
16084,16083,1,0.6666666666666666,"('54',)",
16083,15914,1,0.65,"('54',)",
17983,17984,1,0.8166666666666667,"('54',)",
17985,13680,1,0.43333333333333335,"('54',)",
13680,13682,1,0.31666666666666665,"('54',)",
13682,14590,1,0.48333333333333334,"('54',)",
14590,14588,1,0.6166666666666667,"('54',)",
14584,14582,1,0.7333333333333333,"('54',)",
14596,16788,1,1.1,"('54',)",
16788,16793,1,1.1166666666666667,"('54',)",
16793,16972,1,1.0833333333333333,"('54',)",
16972,16979,1,0.36666666666666664,"('54',)",
16979,15030,1,0.9333333333333333,"('54',)",
15030,13021,1,0.9,"('54',)",
13021,13688,1,0.35,"('54',)",
13019,15932,1,1.0333333333333334,"('54',)",
15932,15930,1,0.4166666666666667,"('54',)",
15930,15940,1,0.75,"('54',)",
16705,16704,1,0.5666666666666667,"('54',)",
16704,16185,1,0.8333333333333334,"('54',)",
15113,15112,1,0.6,"('54',)",
16251,16253,1,1.6833333333333333,"('54',)",
13141,13134,1,1.2333333333333334,"('54',)",
13134,13127,1,1.1666666666666667,"('54',)",
15049,15047,1,0.9166666666666666,"('54',)",
15768,15767,2,0.6,"('54', '15')",0.7397849462365591
15767,15766,2,0.75,"('54', '15')",0.6537634408602151
15766,14456,1,1.2166666666666666,"('54',)",
14827,14817,2,0.5333333333333333,"('54', '15')",0.42473118279569894
14817,15242,2,0.8333333333333334,"('54', '15')",0.29032258064516125
15242,15106,1,0.2833333333333333,"('54',)",
15289,13921,1,1.2,"('54',)",
13921,13922,1,0.45,"('54',)",
15046,15048,2,0.6333333333333333,"('54', '15')",0.0
15048,17772,1,0.55,"('54',)",
13410,13436,1,1.9166666666666667,"('55',)",
13436,13435,1,1.0833333333333333,"('55',)",
13435,17849,1,1.3833333333333333,"('55',)",
17849,18064,1,0.9666666666666667,"('55',)",
18064,14127,1,0.8833333333333333,"('55',)",
14127,14126,1,0.55,"('55',)",
14126,14123,1,1.1166666666666667,"('55',)",
14123,17769,1,1.2666666666666666,"('55',)",
17769,17770,1,1.0166666666666666,"('55',)",
17770,13295,1,1.65,"('55',)",
13295,13281,1,1.1666666666666667,"('55',)",
13281,17289,1,2.3333333333333335,"('55',)",
17289,13291,1,2.0,"('55',)",
13291,13293,1,5.666666666666667,"('55',)",
17057,15354,1,0.8666666666666667,"('56',)",
15351,15352,1,0.45,"('56',)",
15352,15343,1,0.5666666666666667,"('56',)",
15343,15339,1,0.6166666666666667,"('56',)",
15339,15353,1,0.75,"('56',)",
15353,17026,1,3.15,"('56',)",
17026,14938,3,0.5416666666666667,"('56', '8BX', '91')",0.0
14938,16580,1,0.3,"('56',)",
16580,16573,1,0.7,"('56',)",
16573,16582,1,0.4666666666666667,"('56',)",
16582,16570,1,0.6833333333333333,"('56',)",
16570,17044,1,0.26666666666666666,"('56',)",
17044,17046,1,0.5833333333333334,"('56',)",
16243,17328,1,0.55,"('56',)",
17328,17329,1,0.6666666666666666,"('56',)",
17329,17334,1,0.38333333333333336,"('56',)",
17012,17010,1,0.43333333333333335,"('56',)",
17010,17009,1,0.4166666666666667,"('56',)",
17009,17006,1,0.2,"('56',)",
17006,17747,1,0.7666666666666667,"('56',)",
17747,14575,1,0.8833333333333333,"('56',)",
16744,16904,1,0.7,"('57',)",
16904,17306,1,1.0333333333333334,"('57',)",
17306,13270,1,0.95,"('57',)",
13270,15141,1,1.2,"('57',)",
15141,15139,1,1.1166666666666667,"('57',)",
15139,14544,1,0.7333333333333333,"('57',)",
14544,13405,1,0.6333333333333333,"('57',)",
13405,17211,1,0.36666666666666664,"('57',)",
17211,13409,1,0.8,"('57',)",
13409,13797,1,0.6,"('57',)",
13797,13799,1,0.48333333333333334,"('57',)",
13802,17807,1,0.5166666666666667,"('57',)",
17807,16954,1,1.1333333333333333,"('57',)",
16954,14840,1,0.45,"('57',)",
14840,17808,1,1.15,"('57',)",
17808,14703,1,0.38333333333333336,"('57',)",
17788,17789,1,0.4666666666666667,"('57',)",
17789,17790,1,0.5,"('57',)",
17790,17078,1,0.5333333333333333,"('57',)",
17236,14706,1,0.43333333333333335,"('57',)",
13979,13641,1,1.6666666666666667,"('57',)",
13641,14341,1,5.566666666666666,"('57',)",
17554,14341,1,4.0,"('58',)",
14341,13628,1,2.216666666666667,"('58',)",
13628,17820,1,0.65,"('58',)",
17820,17792,1,1.55,"('58',)",
17792,17793,1,0.4666666666666667,"('58',)",
17793,17801,1,1.3166666666666667,"('58',)",
17801,14837,1,2.1333333333333333,"('58',)",
14837,14829,1,0.5333333333333333,"('58',)",
14829,15125,1,3.6666666666666665,"('58',)",
15125,15129,1,0.6,"('58',)",
15129,15131,1,0.7833333333333333,"('58',)",
15131,16431,1,2.35,"('58',)",
16429,16432,1,1.0333333333333334,"('58',)",
16432,17815,1,1.0,"('58',)",
17815,16541,1,0.8833333333333333,"('58',)",
16541,16534,1,0.48333333333333334,"('58',)",
17563,15404,1,5.0,"('5R',)",
15404,15391,1,4.0,"('5R',)",
15391,15389,1,2.283333333333333,"('5R',)",
15389,14229,1,3.716666666666667,"('5R',)",
14229,14233,1,2.1333333333333333,"('5R',)",
14233,14223,1,1.8333333333333333,"('5R',)",
14223,14732,1,2.033333333333333,"('5R',)",
13247,16171,1,0.26666666666666666,"('6',)",
16171,16136,1,0.2833333333333333,"('6',)",
16136,16169,1,0.43333333333333335,"('6',)",
13233,13231,1,0.5333333333333333,"('6',)",
13231,13230,1,0.6333333333333333,"('6',)",
13230,15826,1,0.31666666666666665,"('6',)",
13223,13219,1,0.65,"('6',)",
13217,13214,1,0.7,"('6',)",
13214,15192,1,0.8166666666666667,"('6',)",
15192,15189,1,0.8,"('6',)",
15189,17687,1,0.4,"('6',)",
17687,17688,1,1.1,"('6',)",
17688,15892,1,0.5833333333333334,"('6',)",
15892,15898,1,0.95,"('6',)",
15896,15894,1,0.5166666666666667,"('6',)",
15894,15890,1,0.55,"('6',)",
14078,14716,1,0.6166666666666667,"('6',)",
17025,14958,1,1.7166666666666666,"('6',)",
14958,14943,2,0.9333333333333333,"('6', 'NBUS')",0.0
14943,14951,1,1.5833333333333333,"('6',)",
14951,14961,1,1.3166666666666667,"('6',)",
14961,14953,1,1.15,"('6',)",
14953,14942,1,1.9,"('6',)",
14942,17757,1,3.1666666666666665,"('6',)",
17757,15692,1,2.933333333333333,"('6',)",
15692,15652,3,1.6916666666666664,"('6', 'F', 'NBUS')",0.0
15652,15651,4,0.9722222222222223,"('6', '9R', 'F', 'NBUS')",0.0
15651,15650,4,1.3444444444444446,"('6', '9R', 'F', 'NBUS')",0.0
15650,15647,4,1.5222222222222224,"('6', '9R', 'F', 'NBUS')",0.0
15647,15645,4,1.55,"('6', '9R', 'F', 'NBUS')",0.0
15645,15643,4,1.5000000000000004,"('6', '9R', 'F', 'NBUS')",0.0
15643,15640,4,1.6444444444444444,"('6', '9R', 'F', 'NBUS')",0.0
15640,15685,4,0.9777777777777779,"('6', '9R', 'F', 'NBUS')",0.0
15685,17264,4,2.066666666666667,"('6', '9R', 'F', 'NBUS')",0.0
16475,17833,1,1.7833333333333334,"('6',)",
13476,17532,1,2.55,"('67',)",
17532,17312,1,0.9666666666666667,"('67',)",
17312,14680,1,0.75,"('67',)",
14680,17746,1,1.7333333333333334,"('67',)",
17746,14686,1,0.5,"('67',)",
14686,14699,1,0.5666666666666667,"('67',)",
14699,16211,1,0.45,"('67',)",
16211,16209,1,0.6833333333333333,"('67',)",
16209,13709,1,0.7,"('67',)",
13690,17577,1,0.4,"('67',)",
17577,15770,1,0.5166666666666667,"('67',)",
15770,14158,1,0.21666666666666667,"('67',)",
14688,14701,1,0.85,"('67',)",
14690,14202,1,0.95,"('67',)",
14202,17626,1,0.7833333333333333,"('67',)",
17626,14567,1,1.0666666666666667,"('67',)",
14567,14566,1,0.26666666666666666,"('67',)",
14566,14565,1,0.16666666666666666,"('67',)",
14565,17023,1,0.3,"('67',)",
17023,14568,1,0.4166666666666667,"('67',)",
17917,14725,1,1.6833333333333333,"('7',)",
14725,15657,1,0.6166666666666667,"('7',)",
15657,15639,5,1.3958333333333335,"('7', 'KBUS', 'LOWL', 'NOWL', '9')",0.0
15639,15678,5,1.291666666666667,"('7', 'KBUS', 'LOWL', 'NOWL', '9')",0.0
15678,15694,5,1.4500000000000002,"('7', 'KBUS', 'LOWL', 'NOWL', '9')",0.0
15694,15655,5,1.2958333333333334,"('7', 'KBUS', 'LOWL', 'NOWL', '9')",0.0
15655,15695,5,1.3625,"('7', 'KBUS', 'LOWL', 'NOWL', '9')",0.0
15695,15656,5,1.3375000000000001,"('7', 'KBUS', 'LOWL', 'NOWL', '9')",0.0
15656,15676,5,1.1500000000000001,"('7', 'KBUS', 'LOWL', 'NOWL', '9')",0.0
15676,15680,4,1.2166666666666668,"('7', 'KBUS', 'LOWL', '9')",0.0
15680,15696,3,1.7916666666666665,"('7', 'KBUS', 'LOWL')",0.0
15696,14954,1,1.95,"('7',)",
14954,14955,1,1.4666666666666666,"('7',)",
14955,14941,1,0.6666666666666666,"('7',)",
14941,14952,1,1.5,"('7',)",
14952,14960,2,0.7833333333333333,"('7', 'NOWL')",0.0
14960,14950,2,0.8,"('7', 'NOWL')",0.0
14940,14957,2,1.15,"('7', 'NOWL')",0.0
14957,14946,2,0.7666666666666667,"('7', 'NOWL')",0.0
14946,14962,1,1.25,"('7',)",
14962,16483,1,0.55,"('7',)",
16483,14718,1,0.8333333333333334,"('7',)",
14718,14719,1,0.5,"('7',)",
14719,14714,1,0.85,"('7',)",
14714,15296,1,1.45,"('7',)",
15296,15300,1,1.3,"('7',)",
15300,15326,1,1.2833333333333334,"('7',)",
15326,15304,1,0.65,"('7',)",
15306,15309,1,0.7,"('7',)",
13445,13441,1,0.7333333333333333,"('7',)",
13441,13442,1,0.5833333333333334,"('7',)",
13442,13443,1,0.7166666666666667,"('7',)",
13447,15741,1,0.6333333333333333,"('7',)",
15741,15745,1,0.9833333333333333,"('7',)",
15745,15747,1,0.9666666666666667,"('7',)",
15759,15761,1,0.8,"('7',)",
15763,15828,1,1.1166666666666667,"('7',)",
14277,13555,1,0.8166666666666667,"('1',)",
13893,13848,1,1.4666666666666666,"('1',)",
13848,13859,1,1.0833333333333333,"('1',)",
13859,13885,1,1.6333333333333333,"('1',)",
13885,16489,1,0.8833333333333333,"('1',)",
16489,16296,1,0.9333333333333333,"('1',)",
16296,16320,1,0.7166666666666667,"('1',)",
16320,16292,1,0.9166666666666666,"('1',)",
16292,16306,1,0.8666666666666667,"('1',)",
16310,14905,1,1.1,"('1',)",
14905,14016,1,1.35,"('1',)",
14016,14031,1,0.85,"('1',)",
14031,14026,1,1.2666666666666666,"('1',)",
14026,14022,1,0.7833333333333333,"('1',)",
14020,14030,1,1.0333333333333334,"('1',)",
14030,14024,1,1.0666666666666667,"('1',)",
14024,14027,1,0.38333333333333336,"('1',)",
14027,14029,1,1.6666666666666667,"('1',)",
14029,14018,1,1.3166666666666667,"('1',)",
14018,14021,1,1.3,"('1',)",
14021,14025,1,1.3666666666666667,"('1',)",
14025,14028,1,0.35,"('1',)",
14028,14017,1,0.6166666666666667,"('1',)",
17915,15536,1,3.5166666666666666,"('714',)",
15540,15552,1,4.25,"('714',)",
15552,15566,1,3.0,"('714',)",
15566,14387,1,11.0,"('714',)",
14387,18080,1,5.0,"('714',)",
18080,14341,1,6.0,"('714',)",
15926,14882,1,1.45,"('8',)",
14891,14888,1,0.95,"('8',)",
14888,14796,1,1.4833333333333334,"('8',)",
14796,14799,1,0.8333333333333334,"('8',)",
14799,17304,1,1.0,"('8',)",
17304,16343,1,1.0166666666666666,"('8',)",
16343,16345,1,0.55,"('8',)",
16345,18115,1,0.36666666666666664,"('8',)",
18115,14937,1,1.6333333333333333,"('8',)",
14937,16853,1,0.8833333333333333,"('8',)",
16853,16846,1,0.6333333333333333,"('8',)",
16846,16855,1,0.6166666666666667,"('8',)",
16848,16851,1,0.23333333333333334,"('8',)",
13793,16352,2,1.3333333333333333,"('8', '9R')",0.0
16352,17191,1,0.4666666666666667,"('8',)",
17191,16350,1,1.3,"('8',)",
16350,17899,1,1.6166666666666667,"('8',)",
17899,16360,1,1.5166666666666666,"('8',)",
16360,16362,1,1.5833333333333333,"('8',)",
16362,16373,1,1.1166666666666667,"('8',)",
16355,16367,1,1.1666666666666667,"('8',)",
16367,16364,1,1.25,"('8',)",
16364,13725,1,10.0,"('8',)",
13725,13724,1,1.55,"('8',)",
13724,13723,1,1.3166666666666667,"('8',)",
13723,13144,1,1.85,"('8',)",
14821,14826,1,1.0666666666666667,"('8',)",
14826,14818,1,0.7833333333333333,"('8',)",
14819,14820,1,1.1333333333333333,"('8',)",
14820,14822,1,0.9,"('8',)",
14111,14101,1,0.75,"('8',)",
14101,14108,1,1.1833333333333333,"('8',)",
14108,14119,1,1.0333333333333334,"('8',)",
14119,16060,1,1.6666666666666667,"('8',)",
16045,13031,1,1.4333333333333333,"('8',)",
13031,14823,1,1.2,"('8',)",
14824,17185,1,1.8833333333333333,"('8AX',)",
17185,16521,1,1.2833333333333334,"('8AX',)",
14968,14969,2,2.033333333333333,"('8AX', '8BX')",0.0
14969,14970,2,1.3333333333333333,"('8AX', '8BX')",0.0
14970,17900,1,13.6,"('8AX',)",
17900,16357,3,0.7749999999999999,"('8AX', '90', '9')",0.0
16357,16358,1,0.9666666666666667,"('8AX',)",
16358,16361,3,0.7916666666666667,"('8AX', '90', '9')",0.0
16361,16369,3,0.8666666666666667,"('8AX', '90', '9')",0.0
16369,16371,3,0.7416666666666667,"('8AX', '90', '9')",0.0
16371,16348,3,0.825,"('8AX', '90', '9')",0.0
16348,16366,3,0.5249999999999999,"('8AX', '90', '9')",0.0
16366,13772,3,1.0583333333333333,"('8AX', '90', '9')",0.0
13772,17522,1,4.1,"('8AX',)",
14823,15462,1,0.4166666666666667,"('8BX',)",
15462,15470,1,1.2,"('8BX',)",
15470,16066,1,1.0166666666666666,"('8BX',)",
16066,16055,1,0.8666666666666667,"('8BX',)",
16055,16061,1,1.3833333333333333,"('8BX',)",
16061,16054,1,0.9166666666666666,"('8BX',)",
14120,16513,2,0.7166666666666667,"('8BX', '91')",0.0
14970,13772,1,9.683333333333334,"('8BX',)",
13772,13783,3,0.5166666666666666,"('8BX', '91', '9')",0.0
13783,16847,2,0.31666666666666665,"('8BX', '91')",0.0
16847,16850,2,0.8166666666666667,"('8BX', '91')",0.0
16850,16854,2,0.6666666666666666,"('8BX', '91')",0.0
16854,16845,2,0.4666666666666667,"('8BX', '91')",0.0
14938,18114,2,1.0666666666666667,"('8BX', '91')",0.0
18114,16346,2,0.3333333333333333,"('8BX', '91')",0.0
14900,17300,2,0.6333333333333333,"('8BX', '91')",0.0
17300,14798,2,0.8,"('8BX', '91')",0.0
14795,14894,2,0.85,"('8BX', '91')",0.0
14894,14889,2,0.4166666666666667,"('8BX', '91')",0.0
14889,14890,2,0.5833333333333334,"('8BX', '91')",0.0
14884,14886,2,0.8333333333333334,"('8BX', '91')",0.0
14886,14810,2,1.6833333333333333,"('8BX', '91')",0.0
14810,14803,2,1.3166666666666667,"('8BX', '91')",0.0
14881,15926,1,1.6166666666666667,"('8BX',)",
18055,15864,1,1.0,"('15',)",
15864,15874,1,1.35,"('15',)",
15874,15869,1,1.4333333333333333,"('15',)",
15869,18056,1,0.31666666666666665,"('15',)",
18056,18057,1,0.4666666666666667,"('15',)",
18057,18058,1,0.43333333333333335,"('15',)",
18058,15768,1,0.3333333333333333,"('15',)",
15766,18051,1,1.2333333333333334,"('15',)",
18051,18052,1,0.9833333333333333,"('15',)",
18052,14827,1,0.7333333333333333,"('15',)",
15242,15044,1,0.5,"('15',)",
15044,15050,1,0.5666666666666667,"('15',)",
15048,17961,1,1.4166666666666667,"('15',)",
17961,17377,1,1.95,"('15',)",
17377,13103,1,3.5,"('15',)",
13103,17321,1,2.7333333333333334,"('15',)",
17321,13136,1,7.033333333333333,"('15',)",
13136,16606,1,2.2333333333333334,"('15',)",
10913,17248,1,0.8833333333333333,"('52',)",
17248,13762,1,0.8666666666666667,"('52',)",
13762,13758,1,0.45,"('52',)",
13758,13765,1,0.9,"('52',)",
13761,15586,1,1.2166666666666666,"('52',)",
15586,16413,1,1.2,"('52',)",
16413,16393,1,0.65,"('52',)",
16393,16212,1,1.4333333333333333,"('52',)",
16212,16509,1,0.6,"('52',)",
16509,13695,1,1.1166666666666667,"('52',)",
13695,14388,1,0.4166666666666667,"('52',)",
14388,14403,1,0.7333333333333333,"('52',)",
14403,14404,1,0.5,"('52',)",
14382,14401,1,0.08333333333333333,"('52',)",
14392,14395,1,0.5166666666666667,"('52',)",
14395,14361,1,0.3333333333333333,"('52',)",
14361,14360,1,0.6833333333333333,"('52',)",
14360,14363,1,0.7,"('52',)",
14363,14367,1,0.8333333333333334,"('52',)",
14367,14366,1,0.8166666666666667,"('52',)",
14366,14359,1,0.5666666666666667,"('52',)",
17229,16015,1,1.3,"('52',)",
16015,16937,2,0.8333333333333334,"('52', 'LOWL')",0.0
16937,16939,2,0.25,"('52', 'LOWL')",0.0
16939,16934,2,0.31666666666666665,"('52', 'LOWL')",0.0
16934,15244,1,1.05,"('52',)",
15244,15247,1,0.43333333333333335,"('52',)",
17476,16801,1,0.95,"('90',)",
16801,18097,1,1.55,"('90',)",
18097,18098,1,0.75,"('90',)",
18098,18099,1,1.1,"('90',)",
18099,18100,1,1.05,"('90',)",
18100,18101,1,1.5,"('90',)",
18102,18103,1,1.0833333333333333,"('90',)",
18103,18104,1,1.6333333333333333,"('90',)",
18104,18105,1,2.283333333333333,"('90',)",
18105,13243,1,1.4666666666666666,"('90',)",
13243,13241,2,0.8166666666666667,"('90', '9')",0.0
13241,13239,2,1.5666666666666667,"('90', '9')",0.0
13239,14436,2,0.8833333333333333,"('90', '9')",0.0
14436,16043,2,1.5333333333333334,"('90', '9')",0.0
16043,16027,2,1.3,"('90', '9')",0.0
16027,17911,2,1.2666666666666666,"('90', '9')",0.0
16039,13768,2,3.0,"('90', '9')",0.0
13768,17888,2,0.6666666666666666,"('90', '9')",0.0
17888,13779,2,1.35,"('90', '9')",0.0
13779,13771,2,0.6,"('90', '9')",0.0
13771,13773,2,1.2833333333333334,"('90', '9')",0.0
13773,13789,2,0.5333333333333333,"('90', '9')",0.0
13789,16365,2,0.5666666666666667,"('90', '9')",0.0
16365,17900,2,1.0166666666666666,"('90', '9')",0.0
16357,16372,2,0.9833333333333333,"('90', '9')",0.0
16372,16358,2,0.5166666666666667,"('90', '9')",0.0
10390,13402,1,1.2833333333333334,"('91',)",
13402,13355,1,0.8666666666666667,"('91',)",
13355,13391,1,0.7166666666666667,"('91',)",
13391,13398,1,1.0166666666666666,"('91',)",
13398,13394,1,0.7833333333333333,"('91',)",
13394,13388,1,0.8166666666666667,"('91',)",
13388,13383,1,0.2833333333333333,"('91',)",
13383,13379,1,0.8833333333333333,"('91',)",
13379,13374,1,0.3333333333333333,"('91',)",
13374,13368,1,0.8,"('91',)",
13364,13360,1,0.35,"('91',)",
13360,17758,1,0.43333333333333335,"('91',)",
17758,15950,1,2.8333333333333335,"('91',)",
15950,15946,1,0.8333333333333334,"('91',)",
15946,15953,1,0.9833333333333333,"('91',)",
15953,15949,1,0.95,"('91',)",
15949,16181,1,9.733333333333333,"('91',)",
16181,15272,1,1.1333333333333333,"('91',)",
15272,15284,1,0.6833333333333333,"('91',)",
15281,17787,1,0.6666666666666666,"('91',)",
16806,15472,1,0.4166666666666667,"('91',)",
15472,15469,1,0.45,"('91',)",
15469,15459,1,0.9166666666666666,"('91',)",
14100,14107,1,0.75,"('91',)",
14107,14118,1,0.5166666666666667,"('91',)",
14118,14114,1,0.4,"('91',)",
14105,14120,1,0.25,"('91',)",
13158,13156,2,3.45,"('91', 'TBUS')",0.0
13156,13164,1,1.1,"('91',)",
13164,17366,1,0.16666666666666666,"('91',)",
17366,13016,2,2.533333333333333,"('91', 'TBUS')",0.0
13016,17324,2,1.65,"('91', 'TBUS')",0.0
17324,17382,2,1.9333333333333333,"('91', 'TBUS')",0.0
17382,13104,2,1.8833333333333333,"('91', 'TBUS')",0.0
13104,13108,2,1.9,"('91', 'TBUS')",0.0
13108,17378,2,2.1,"('91', 'TBUS')",0.0
17378,14338,1,0.65,"('91',)",
13123,13129,2,0.9166666666666666,"('91', 'TBUS')",0.0
13129,13135,2,0.4,"('91', 'TBUS')",0.0
13135,13143,2,0.9333333333333333,"('91', 'TBUS')",0.0
13143,13113,2,0.7666666666666667,"('91', 'TBUS')",0.0
13113,13150,2,0.9,"('91', 'TBUS')",0.0
13150,13115,2,1.15,"('91', 'TBUS')",0.0
13115,17171,2,1.9166666666666667,"('91', 'TBUS')",0.0
17171,13146,2,0.7833333333333333,"('91', 'TBUS')",0.0
13146,13792,2,5.433333333333334,"('91', 'TBUS')",0.0
14881,15794,1,1.05,"('91',)",
15794,15797,2,1.5,"('91', 'K')",2.002
15797,15787,2,1.1,"('91', 'K')",2.366
15787,15788,2,1.1666666666666667,"('91', 'K')",2.09
15788,15809,2,1.0333333333333334,"('91', 'K')",1.715
15809,15779,2,0.6333333333333333,"('91', 'K')",1.588
15779,15806,2,0.95,"('91', 'K')",1.3090000000000002
15138,17205,1,1.0833333333333333,"('91',)",
16898,17058,1,1.2,"('91',)",
16575,16568,1,0.6666666666666666,"('9R',)",
16568,16565,1,0.4,"('9R',)",
16565,16339,1,0.5,"('9R',)",
16339,16346,1,0.65,"('9R',)",
16346,16344,1,0.4666666666666667,"('9R',)",
16344,14809,1,0.5333333333333333,"('9R',)",
14809,14895,1,0.7833333333333333,"('9R',)",
14895,16385,1,1.3666666666666667,"('9R',)",
16385,16388,1,0.8,"('9R',)",
16388,16383,1,0.55,"('9R',)",
16386,16570,1,1.0166666666666666,"('9R',)",
16570,16584,1,1.1166666666666667,"('9R',)",
16584,17297,1,0.85,"('9R',)",
17297,13793,1,1.1833333333333333,"('9R',)",
16352,17899,1,3.183333333333333,"('9R',)",
17899,16362,1,2.9166666666666665,"('9R',)",
16362,16355,1,1.85,"('9R',)",
16355,16364,1,2.05,"('9R',)",
16364,13778,1,3.75,"('9R',)",
13778,17886,1,1.2,"('9R',)",
17886,16038,1,5.05,"('9R',)",
16038,16119,1,0.75,"('9R',)",
16119,16026,1,4.25,"('9R',)",
16026,13238,1,4.566666666666666,"('9R',)",
13238,13244,1,4.433333333333334,"('9R',)",
13244,15652,1,1.8833333333333333,"('9R',)",
16475,15335,1,1.9666666666666666,"('9R',)",
13860,13855,1,0.6666666666666666,"('CA',)",
13855,13863,1,0.75,"('CA',)",
13863,13849,1,0.7333333333333333,"('CA',)",
13894,13883,1,1.05,"('CA',)",
13883,13871,1,1.0333333333333334,"('CA',)",
13871,13865,1,1.0666666666666667,"('CA',)",
13865,13899,1,1.0,"('CA',)",
13899,13890,1,0.9666666666666667,"('CA',)",
13880,13901,1,0.9166666666666666,"('CA',)",
13901,13869,1,1.25,"('CA',)",
13867,13873,1,0.7166666666666667,"('CA',)",
13888,17142,1,1.3666666666666667,"('CA',)",
13311,15687,1,1.5333333333333334,"('F',)",
15687,17123,1,1.6166666666666667,"('F',)",
17123,15662,1,1.85,"('F',)",
15662,15668,1,1.4,"('F',)",
15668,15675,2,1.1,"('F', 'NBUS')",0.0
15675,15673,2,1.5166666666666666,"('F', 'NBUS')",0.0
15673,15692,2,1.6333333333333333,"('F', 'NBUS')",0.0
17264,15682,1,2.9833333333333334,"('F',)",
15682,14727,1,3.0166666666666666,"('F',)",
14727,14513,1,0.7166666666666667,"('F',)",
14513,14532,1,1.6333333333333333,"('F',)",
14532,14503,1,1.7833333333333334,"('F',)",
14503,14517,1,1.2333333333333334,"('F',)",
14517,14515,1,1.4333333333333333,"('F',)",
14515,17281,1,1.4833333333333334,"('F',)",
14501,14530,1,1.9333333333333333,"('F',)",
14530,15174,1,2.1166666666666667,"('F',)",
15418,17778,2,1.0,"('J', 'K')",0.0
17778,16275,1,0.55,"('J',)",
16275,16288,1,0.95,"('J',)",
16288,16284,1,1.1,"('J',)",
16284,14787,1,1.8333333333333333,"('J',)",
14787,16277,1,3.0,"('J',)",
16277,13537,1,0.9,"('J',)",
13537,14000,1,0.6666666666666666,"('J',)",
14000,13999,1,0.5333333333333333,"('J',)",
13999,13998,1,1.2666666666666666,"('J',)",
14003,13996,1,1.25,"('J',)",
13994,16217,1,1.1166666666666667,"('J',)",
16217,16222,1,0.48333333333333334,"('J',)",
16222,16215,1,0.85,"('J',)",
16215,16213,1,1.7166666666666666,"('J',)",
16213,13985,1,1.9166666666666667,"('J',)",
13985,17073,1,1.8166666666666667,"('J',)",
14006,15419,1,4.0,"('J',)",
15419,15727,3,1.25,"('J', 'K', 'S')",16.25135135135135
15727,15417,3,1.3333333333333333,"('J', 'K', 'S')",16.37837837837838
15417,15731,3,1.2333333333333334,"('J', 'K', 'S')",17.054054054054053
15731,16992,3,1.1833333333333333,"('J', 'K', 'S')",17.91351351351351
17778,15784,1,3.033333333333333,"('K',)",
15784,15794,1,0.9333333333333333,"('K',)",
15806,17113,1,1.35,"('K',)",
17113,17109,1,1.3,"('K',)",
17109,16898,1,2.1,"('K',)",
16898,16740,1,2.9,"('K',)",
16740,15730,2,2.033333333333333,"('K', 'S')",17.56216216216216
15730,15728,2,4.966666666666667,"('K', 'S')",14.854054054054055
15728,15726,2,1.1333333333333333,"('K', 'S')",15.816216216216217
15726,15419,2,1.8666666666666667,"('K', 'S')",15.618918918918919
16497,16501,1,0.23333333333333334,"('KBUS',)",
16501,15669,3,0.7666666666666667,"('KBUS', 'LOWL', 'NOWL')",0.0
15669,15657,4,1.7333333333333334,"('KBUS', 'LOWL', 'NOWL', '9')",0.0
15696,15672,3,1.0,"('KBUS', 'LOWL', 'NOWL')",0.0
15672,15681,3,1.1916666666666667,"('KBUS', 'LOWL', 'NOWL')",0.0
15681,15659,3,0.5916666666666667,"('KBUS', 'LOWL', 'NOWL')",0.0
15659,15661,2,1.0166666666666666,"('KBUS', 'LOWL')",0.0
15661,15690,2,0.75,"('KBUS', 'LOWL')",0.0
15690,15654,2,1.1166666666666667,"('KBUS', 'LOWL')",0.0
15654,15667,2,0.48333333333333334,"('KBUS', 'LOWL')",0.0
15667,18015,2,2.2333333333333334,"('KBUS', 'LOWL')",0.0
18015,16010,1,3.6666666666666665,"('KBUS',)",
16010,16937,1,1.6833333333333333,"('KBUS',)",
16937,18039,1,3.966666666666667,"('KBUS',)",
18039,17125,1,1.9,"('KBUS',)",
17125,16503,2,2.216666666666667,"('KBUS', 'M')",7.4
16503,15141,1,0.18333333333333332,"('KBUS',)",
15141,15792,1,1.3666666666666667,"('KBUS',)",
15792,15807,1,0.8,"('KBUS',)",
15807,15780,1,0.8666666666666667,"('KBUS',)",
15780,15786,1,0.5666666666666667,"('KBUS',)",
15786,15808,1,0.9166666666666666,"('KBUS',)",
15808,15793,1,1.0166666666666666,"('KBUS',)",
15798,15795,1,1.2833333333333334,"('KBUS',)",
17036,16260,1,2.35,"('KBUS',)",
16738,16736,2,0.5666666666666667,"('LBUS', 'LOWL')",0.0
16736,13266,2,1.2166666666666666,"('LBUS', 'LOWL')",0.0
13266,16616,2,1.0166666666666666,"('LBUS', 'LOWL')",0.0
16620,16622,2,0.6333333333333333,"('LBUS', 'LOWL')",0.0
16622,16626,2,1.05,"('LBUS', 'LOWL')",0.0
16626,16628,2,0.5166666666666667,"('LBUS', 'LOWL')",0.0
16628,16640,2,1.1833333333333333,"('LBUS', 'LOWL')",0.0
16640,16632,2,0.9,"('LBUS', 'LOWL')",0.0
16634,16636,2,0.5333333333333333,"('LBUS', 'LOWL')",0.0
16638,13600,1,0.5833333333333334,"('LBUS',)",
13602,16836,2,0.25,"('LBUS', 'LOWL')",0.0
16836,16932,2,0.7333333333333333,"('LBUS', 'LOWL')",0.0
15184,13092,1,1.05,"('LOWL',)",
13092,13095,1,1.1166666666666667,"('LOWL',)",
13095,14502,1,1.7833333333333334,"('LOWL',)",
14502,14529,1,1.15,"('LOWL',)",
14529,14516,1,1.1666666666666667,"('LOWL',)",
14516,14518,1,1.2166666666666666,"('LOWL',)",
14518,14504,1,0.8666666666666667,"('LOWL',)",
14504,14534,1,1.3166666666666667,"('LOWL',)",
14534,17283,1,0.8,"('LOWL',)",
17283,14726,1,0.5333333333333333,"('LOWL',)",
14726,16501,2,0.55,"('LOWL', 'NOWL')",0.0
18015,16008,1,2.3,"('LOWL',)",
16008,16009,1,0.25,"('LOWL',)",
16009,16010,1,0.5166666666666667,"('LOWL',)",
16010,16015,1,0.55,"('LOWL',)",
16934,16738,1,2.75,"('LOWL',)",
16638,17892,1,0.06666666666666667,"('LOWL',)",
17217,16994,2,1.0833333333333333,"('M', 'N')",
16994,16995,2,1.3,"('M', 'N')",
16995,16997,2,1.6166666666666667,"('M', 'N')",
16997,16996,2,1.0,"('M', 'N')",
16996,16998,1,1.9166666666666667,"('M',)",
16998,16991,1,1.0833333333333333,"('M',)",
16991,16993,1,5.266666666666667,"('M',)",
16993,16739,1,1.7333333333333334,"('M',)",
16739,17125,1,1.7833333333333334,"('M',)",
16503,16223,1,1.5666666666666667,"('M',)",
16223,16219,1,0.4666666666666667,"('M',)",
16219,13403,1,2.066666666666667,"('M',)",
13403,13358,1,2.9,"('M',)",
13358,13376,1,2.966666666666667,"('M',)",
13387,16173,1,1.1166666666666667,"('M',)",
16173,16175,1,1.3833333333333333,"('M',)",
16175,15825,1,0.9,"('M',)",
15825,13716,1,1.4333333333333333,"('M',)",
13719,16259,1,1.15,"('M',)",
16266,16268,1,0.9166666666666666,"('M',)",
16268,16269,1,0.5166666666666667,"('M',)",
15240,15237,1,2.716666666666667,"('N',)",
15237,17145,1,3.1333333333333333,"('N',)",
17145,14510,1,4.15,"('N',)",
14510,17217,1,3.0,"('N',)",
16996,14447,1,4.066666666666666,"('N',)",
14447,17252,1,1.2166666666666666,"('N',)",
17252,13909,1,4.933333333333334,"('N',)",
13909,13914,1,0.8333333333333334,"('N',)",
13914,13912,2,0.9666666666666667,"('N', 'NOWL')",0.0
13912,15118,2,0.6,"('N', 'NOWL')",0.0
15118,18032,2,1.0166666666666666,"('N', 'NOWL')",0.0
17999,15193,2,0.45,"('N', 'NOWL')",0.0
15193,15195,2,0.6333333333333333,"('N', 'NOWL')",0.0
15195,15219,2,0.23333333333333334,"('N', 'NOWL')",0.0
15219,15198,2,0.7833333333333333,"('N', 'NOWL')",0.0
15202,15203,2,0.5333333333333333,"('N', 'NOWL')",0.0
15203,15205,2,0.7666666666666667,"('N', 'NOWL')",0.0
15209,15224,2,0.6666666666666666,"('N', 'NOWL')",0.0
15224,15211,2,0.9,"('N', 'NOWL')",0.0
15215,17219,1,1.0333333333333334,"('N',)",
15223,15216,1,0.9333333333333333,"('NBUS',)",
15216,15214,1,1.0,"('NBUS',)",
15214,15212,1,1.15,"('NBUS',)",
15212,15225,1,0.9166666666666666,"('NBUS',)",
15225,15210,1,0.5666666666666667,"('NBUS',)",
15210,15208,1,0.8,"('NBUS',)",
15208,15206,1,0.6,"('NBUS',)",
15206,15204,1,0.7,"('NBUS',)",
15204,15201,1,0.8166666666666667,"('NBUS',)",
15201,15200,1,0.5166666666666667,"('NBUS',)",
15200,15197,1,1.1,"('NBUS',)",
15220,15196,1,0.26666666666666666,"('NBUS',)",
15194,17996,1,0.85,"('NBUS',)",
17996,18031,1,0.8333333333333334,"('NBUS',)",
18031,15124,1,1.0333333333333334,"('NBUS',)",
15124,13913,1,0.55,"('NBUS',)",
13913,13915,1,0.6833333333333333,"('NBUS',)",
14943,14424,1,0.7333333333333333,"('NBUS',)",
18061,15668,1,1.75,"('NBUS',)",
15658,15693,1,0.7666666666666667,"('NBUS',)",
15693,14511,1,2.183333333333333,"('NBUS',)",
14511,14531,1,2.4833333333333334,"('NBUS',)",
14531,15236,1,1.4166666666666667,"('NBUS',)",
15236,17957,1,4.0,"('NBUS',)",
13218,14856,1,0.6833333333333333,"('66',)",
14856,14858,1,0.8833333333333333,"('66',)",
14858,14860,1,0.5,"('66',)",
14860,13273,1,0.3,"('66',)",
13273,17231,1,0.31666666666666665,"('66',)",
17231,13275,1,0.26666666666666666,"('66',)",
13275,13277,1,0.16666666666666666,"('66',)",
15739,13262,1,0.36666666666666664,"('66',)",
13263,13264,1,0.4666666666666667,"('66',)",
13264,13265,1,0.48333333333333334,"('66',)",
13265,17573,1,0.4166666666666667,"('66',)",
17573,16140,1,0.4,"('66',)",
13527,13528,1,0.43333333333333335,"('66',)",
13530,13532,1,0.3333333333333333,"('66',)",
13532,13534,1,0.85,"('66',)",
13534,16835,1,1.15,"('66',)",
17957,16695,1,0.38333333333333336,"('NOWL',)",
16695,15235,1,2.4833333333333334,"('NOWL',)",
15235,17447,1,1.6,"('NOWL',)",
17447,14508,1,2.05,"('NOWL',)",
14508,14726,1,1.4833333333333334,"('NOWL',)",
15676,15696,1,2.566666666666667,"('NOWL',)",
15659,17074,1,2.066666666666667,"('NOWL',)",
17074,15017,1,0.35,"('NOWL',)",
15017,14952,1,0.65,"('NOWL',)",
14094,17282,1,0.36666666666666664,"('NOWL',)",
17282,13914,1,0.5666666666666667,"('NOWL',)",
15215,15221,1,0.7833333333333333,"('NOWL',)",
15221,15223,1,0.2,"('NOWL',)",
16063,16068,1,1.6,"('PH',)",
16068,16058,1,0.8166666666666667,"('PH',)",
16058,16072,1,0.7833333333333333,"('PH',)",
16072,16075,1,0.8,"('PH',)",
16075,16047,1,0.9166666666666666,"('PH',)",
16069,16049,1,1.0166666666666666,"('PH',)",
16049,16073,1,0.5,"('PH',)",
16073,16051,1,0.75,"('PH',)",
16051,16059,1,1.1666666666666667,"('PH',)",
16059,15156,1,1.85,"('PH',)",
15164,15152,1,0.8333333333333334,"('PH',)",
15150,15082,1,0.5666666666666667,"('PH',)",
15082,15062,1,0.6166666666666667,"('PH',)",
15062,15090,1,0.7,"('PH',)",
15090,15074,1,0.55,"('PH',)",
15074,15088,1,0.6,"('PH',)",
15069,15073,1,0.5333333333333333,"('PH',)",
15077,15066,1,0.5833333333333334,"('PH',)",
15066,15059,1,1.2833333333333334,"('PH',)",
15059,15080,1,0.5166666666666667,"('PH',)",
15080,15064,1,0.65,"('PH',)",
16644,16645,1,0.8333333333333334,"('PM',)",
16645,17181,1,0.6333333333333333,"('PM',)",
17181,15361,1,0.7333333333333333,"('PM',)",
15361,15359,1,0.5,"('PM',)",
15359,15369,1,0.48333333333333334,"('PM',)",
15363,15371,1,0.4,"('PM',)",
15371,15356,1,0.4666666666666667,"('PM',)",
15356,15367,1,0.65,"('PM',)",
15367,15365,1,0.26666666666666666,"('PM',)",
15365,16925,1,0.5333333333333333,"('PM',)",
16925,16927,1,0.8166666666666667,"('PM',)",
16927,16052,1,0.9166666666666666,"('PM',)",
16052,16074,1,0.7,"('PM',)",
16074,16050,1,0.5833333333333334,"('PM',)",
16050,16070,1,0.9,"('PM',)",
16048,16076,1,0.85,"('PM',)",
16076,16071,1,0.5166666666666667,"('PM',)",
16057,16067,1,0.75,"('PM',)",
16067,16064,1,1.5,"('PM',)",
17398,17399,1,1.55,"('T',)",
17399,17400,1,3.05,"('T',)",
17400,17347,1,1.4,"('T',)",
17347,17343,1,1.2333333333333334,"('T',)",
17345,17401,1,1.1833333333333333,"('T',)",
17401,17402,1,1.0333333333333334,"('T',)",
17403,17404,1,0.9833333333333333,"('T',)",
17404,17352,1,1.2,"('T',)",
17352,17353,1,2.4166666666666665,"('T',)",
16526,16516,1,4.666666666666667,"('TBUS',)",
13161,13158,1,3.15,"('TBUS',)",
13156,17366,1,2.0166666666666666,"('TBUS',)",
17378,13123,1,1.9333333333333333,"('TBUS',)",
13772,16847,1,1.0833333333333333,"('TBUS',)",
17227,15669,1,0.9333333333333333,"('9',)",
15680,13245,1,1.8,"('9',)",
13245,13243,1,0.9,"('9',)",
13783,17520,1,3.4,"('9',)",
13826,13824,1,0.3,"('28R',)",
13824,15948,1,5.7,"('28R',)",
15952,15951,1,1.7,"('28R',)",
15951,13365,1,4.383333333333334,"('28R',)",
13365,13375,1,2.95,"('28R',)",
13375,13384,1,2.216666666666667,"('28R',)",
13384,13395,1,2.2666666666666666,"('28R',)",
13395,17448,1,6.05,"('28R',)",
13356,17925,1,6.0,"('28R',)",
