,route_id,shortest_interval,first_trip_time,last_trip_time,collapsed_stop
0,12,0.0,660,180,631
2,12,0.0,660,180,822
3,12,0.0,660,180,628
4,12,0.0,660,180,613
5,12,0.0,660,180,799
7,12,0.0,660,180,626
8,12,0.0,660,180,800
10,12,0.0,660,180,303
11,12,0.0,660,180,300
12,12,0.0,660,180,301
14,12,0.0,660,180,884
15,12,0.0,660,180,394
16,12,0.0,660,180,389
17,12,0.0,660,180,387
18,12,0.0,660,180,338
19,12,0.0,660,180,689
20,12,0.0,660,180,914
21,12,0.0,660,180,500
22,12,0.0,660,180,464
23,12,0.0,660,180,588
24,12,0.0,660,180,148
25,12,0.0,660,180,589
26,12,0.0,660,180,590
27,12,0.0,660,180,499
28,12,0.0,660,180,208
29,12,0.0,660,180,217
30,12,0.0,660,180,591
31,12,0.0,660,180,6
32,12,0.0,660,180,7
33,12,0.0,660,180,495
34,12,0.0,660,180,33
35,12,0.0,660,180,496
36,12,0.0,660,180,497
37,12,0.0,660,180,498
38,12,0.0,660,180,102
40,12,0.0,660,180,363
42,12,0.0,660,180,364
44,14,0.0,610,645,450
45,14,0.0,610,645,689
46,14,0.0,610,645,955
47,14,0.0,610,645,724
48,14,0.0,610,645,727
49,14,0.0,610,645,158
50,14,0.0,610,645,187
51,14,0.0,610,645,196
52,14,0.0,610,645,728
53,14,0.0,610,645,210
54,14,0.0,610,645,729
55,14,0.0,610,645,730
56,14,0.0,610,645,746
58,14,0.0,610,645,19
59,14,0.0,610,645,723
60,14,0.0,610,645,34
61,14,0.0,610,645,56
62,14,0.0,610,645,725
63,14,0.0,610,645,726
64,14,0.0,610,645,106
65,14,0.0,610,645,362
66,14,0.0,610,645,743
67,14,0.0,610,645,132
69,14,0.0,610,645,733
70,14,0.0,610,645,738
72,14,0.0,610,645,288
73,14,0.0,610,645,160
74,14,0.0,610,645,747
75,14,0.0,610,645,745
76,14,0.0,610,645,735
77,14,0.0,610,645,744
78,14,0.0,610,645,742
79,14,0.0,610,645,739
80,14,0.0,610,645,563
81,14,0.0,610,645,732
82,14,0.0,610,645,737
83,14,0.0,610,645,741
84,14,0.0,610,645,748
85,14,0.0,610,645,740
86,14,0.0,610,645,731
87,14,0.0,610,645,734
88,14,0.0,610,645,736
90,14R,0.0,600,180,689
91,14R,0.0,600,180,955
92,14R,0.0,600,180,724
93,14R,0.0,600,180,727
94,14R,0.0,600,180,158
95,14R,0.0,600,180,187
96,14R,0.0,600,180,196
97,14R,0.0,600,180,729
98,14R,0.0,600,180,746
99,14R,0.0,600,180,34
100,14R,0.0,600,180,725
101,14R,0.0,600,180,106
102,14R,0.0,600,180,132
103,14R,0.0,600,180,738
104,14R,0.0,600,180,745
105,14R,0.0,600,180,744
106,14R,0.0,600,180,563
107,14R,0.0,600,180,741
108,14R,0.0,600,180,731
109,14R,0.0,600,180,734
110,14R,0.0,600,180,736
111,14R,0.0,600,180,427
112,18,0.0,20,179,138
113,18,0.0,20,179,139
115,18,0.0,20,179,667
120,18,0.0,20,179,136
121,18,0.0,20,179,262
123,18,0.0,20,179,263
124,18,0.0,20,179,264
125,18,0.0,20,179,265
126,18,0.0,20,179,165
128,18,0.0,20,179,321
129,18,0.0,20,179,323
130,18,0.0,20,179,521
131,18,0.0,20,179,576
132,18,0.0,20,179,684
133,18,0.0,20,179,681
134,18,0.0,20,179,167
135,18,0.0,20,179,168
136,18,0.0,20,179,169
137,18,0.0,20,179,170
138,18,0.0,20,179,171
139,18,0.0,20,179,172
140,18,0.0,20,179,173
141,18,0.0,20,179,174
142,18,0.0,20,179,175
143,18,0.0,20,179,176
144,18,0.0,20,179,177
145,18,0.0,20,179,178
146,18,0.0,20,179,179
147,18,0.0,20,179,180
149,18,0.0,20,179,181
152,18,0.0,20,179,911
153,18,0.0,20,179,903
154,18,0.0,20,179,661
155,18,0.0,20,179,662
156,18,0.0,20,179,660
157,18,0.0,20,179,124
158,18,0.0,20,179,60
160,19,0.0,600,180,277
161,19,0.0,600,180,823
163,19,0.0,600,180,824
164,19,0.0,600,180,826
165,19,0.0,600,180,822
166,19,0.0,600,180,631
167,19,0.0,600,180,974
168,19,0.0,600,180,973
169,19,0.0,600,180,825
170,19,0.0,600,180,554
171,19,0.0,600,180,462
172,19,0.0,600,180,460
173,19,0.0,600,180,458
174,19,0.0,600,180,614
176,19,0.0,600,180,219
177,19,0.0,600,180,729
178,19,0.0,600,180,218
179,19,0.0,600,180,216
180,19,0.0,600,180,217
181,19,0.0,600,180,215
182,19,0.0,600,180,214
183,19,0.0,600,180,448
185,19,0.0,600,180,38
187,19,0.0,600,180,428
188,19,0.0,600,180,429
190,19,0.0,600,180,430
193,19,0.0,600,180,44
195,19,0.0,600,180,431
196,19,0.0,600,180,647
199,19,0.0,600,180,121
200,19,0.0,600,180,982
201,19,0.0,600,180,119
202,19,0.0,600,180,410
204,19,0.0,600,180,470
205,19,0.0,600,180,473
206,19,0.0,600,180,472
207,19,0.0,600,180,150
209,19,0.0,600,180,468
210,19,0.0,600,180,471
211,19,0.0,600,180,467
212,19,0.0,600,180,469
214,19,0.0,600,180,719
216,19,0.0,600,180,624
218,19,0.0,600,180,653
219,19,0.0,600,180,454
220,19,0.0,600,180,449
221,19,0.0,600,180,526
223,1X,0.0,1290,1350,389
225,1X,0.0,1290,1350,648
226,1X,0.0,1290,1350,348
227,1X,0.0,1290,1350,342
228,1X,0.0,1290,1350,349
229,1X,0.0,1290,1350,336
230,1X,0.0,1290,1350,236
231,1X,0.0,1290,1350,331
232,1X,0.0,1290,1350,332
233,1X,0.0,1290,1350,333
234,1X,0.0,1290,1350,324
235,1X,0.0,1290,1350,325
236,1X,0.0,1290,1350,345
237,1X,0.0,1290,1350,326
238,1X,0.0,1290,1350,327
239,1X,0.0,1290,1350,328
240,1X,0.0,1290,1350,113
241,1X,0.0,1290,1350,329
242,1X,0.0,1290,1350,330
243,1X,0.0,1290,1350,137
244,1X,0.0,1290,1350,139
247,2,0.0,716,25,450
249,2,0.0,716,25,338
250,2,0.0,716,25,700
251,2,0.0,716,25,718
252,2,0.0,716,25,648
253,2,0.0,716,25,932
255,2,0.0,716,25,831
257,2,0.0,716,25,633
258,2,0.0,716,25,830
260,2,0.0,716,25,825
262,2,0.0,716,25,973
263,2,0.0,716,25,545
264,2,0.0,716,25,929
266,2,0.0,716,25,928
267,2,0.0,716,25,487
268,2,0.0,716,25,931
269,2,0.0,716,25,930
271,2,0.0,716,25,927
272,2,0.0,716,25,842
273,2,0.0,716,25,348
274,2,0.0,716,25,841
275,21,0.0,615,196,614
276,21,0.0,615,196,596
277,21,0.0,615,196,579
278,21,0.0,615,196,577
279,21,0.0,615,196,578
280,21,0.0,615,196,593
282,21,0.0,615,196,486
283,21,0.0,615,196,598
285,21,0.0,615,196,445
286,21,0.0,615,196,592
287,21,0.0,615,196,594
288,21,0.0,615,196,597
289,21,0.0,615,196,595
290,21,0.0,615,196,599
291,21,0.0,615,196,916
292,21,0.0,615,196,525
293,22,0.0,589,189,36
294,22,0.0,589,189,38
295,22,0.0,589,189,39
296,22,0.0,589,189,35
297,22,0.0,589,189,37
298,22,0.0,589,189,29
299,22,0.0,589,189,153
300,22,0.0,589,189,722
301,23,0.0,658,180,156
302,23,0.0,658,180,804
303,23,0.0,658,180,805
304,23,0.0,658,180,806
305,23,0.0,658,180,807
306,23,0.0,658,180,616
308,23,0.0,658,180,781
309,23,0.0,658,180,269
311,23,0.0,658,180,423
312,23,0.0,658,180,422
313,23,0.0,658,180,419
315,23,0.0,658,180,420
317,23,0.0,658,180,421
318,23,0.0,658,180,738
319,23,0.0,658,180,288
320,23,0.0,658,180,287
321,23,0.0,658,180,289
322,23,0.0,658,180,286
323,23,0.0,658,180,749
324,23,0.0,658,180,750
325,23,0.0,658,180,751
326,23,0.0,658,180,752
327,23,0.0,658,180,753
328,23,0.0,658,180,494
329,23,0.0,658,180,757
331,23,0.0,658,180,756
333,23,0.0,658,180,755
334,23,0.0,658,180,754
335,23,0.0,658,180,758
337,23,0.0,658,180,885
339,23,0.0,658,180,874
340,23,0.0,658,180,646
341,23,0.0,658,180,72
342,23,0.0,658,180,906
343,23,0.0,658,180,907
344,23,0.0,658,180,908
346,23,0.0,658,180,913
347,23,0.0,658,180,912
348,23,0.0,658,180,909
349,23,0.0,658,180,910
350,23,0.0,658,180,903
351,23,0.0,658,180,911
352,23,0.0,658,180,181
354,24,0.0,551,321,979
355,24,0.0,551,321,630
357,24,0.0,551,321,629
359,24,0.0,551,321,441
360,24,0.0,551,321,440
363,24,0.0,551,321,443
364,24,0.0,551,321,442
365,24,0.0,551,321,446
366,24,0.0,551,321,447
368,24,0.0,551,321,444
369,24,0.0,551,321,359
371,24,0.0,551,321,356
373,24,0.0,551,321,48
374,24,0.0,551,321,357
376,24,0.0,551,321,358
379,24,0.0,551,321,97
382,24,0.0,551,321,120
384,24,0.0,551,321,122
385,24,0.0,551,321,769
388,24,0.0,551,321,133
389,24,0.0,551,321,134
390,24,0.0,551,321,130
391,24,0.0,551,321,131
392,24,0.0,551,321,132
393,24,0.0,551,321,417
396,24,0.0,551,321,413
397,24,0.0,551,321,412
398,24,0.0,551,321,415
399,24,0.0,551,321,502
400,24,0.0,551,321,416
401,24,0.0,551,321,414
402,24,0.0,551,321,269
404,24,0.0,551,321,615
405,24,0.0,551,321,616
406,24,0.0,551,321,807
407,24,0.0,551,321,806
408,24,0.0,551,321,805
409,24,0.0,551,321,804
410,24,0.0,551,321,156
411,25,0.0,330,660,955
412,25,0.0,330,660,397
413,27,0.0,600,180,631
416,27,0.0,600,180,628
417,27,0.0,600,180,613
418,27,0.0,600,180,340
420,27,0.0,600,180,319
421,27,0.0,600,180,633
424,27,0.0,600,180,552
426,27,0.0,600,180,459
427,27,0.0,600,180,666
428,27,0.0,600,180,209
429,27,0.0,600,180,614
430,27,0.0,600,180,219
431,27,0.0,600,180,729
432,27,0.0,600,180,218
433,27,0.0,600,180,216
434,27,0.0,600,180,591
435,27,0.0,600,180,6
436,27,0.0,600,180,7
437,27,0.0,600,180,495
438,27,0.0,600,180,30
440,27,0.0,600,180,309
442,27,0.0,600,180,310
444,27,0.0,600,180,311
446,27,0.0,600,180,96
449,27,0.0,600,180,312
451,27,0.0,600,180,360
452,27,0.0,600,180,363
454,27,0.0,600,180,106
455,28,0.0,600,300,278
456,28,0.0,600,300,276
457,28,0.0,600,300,402
458,28,0.0,600,300,608
460,28,0.0,600,300,780
462,28,0.0,600,300,372
463,28,0.0,600,300,369
464,28,0.0,600,300,370
465,28,0.0,600,300,368
466,28,0.0,600,300,371
467,28,0.0,600,300,367
468,28,0.0,600,300,862
469,28,0.0,600,300,571
471,28,0.0,600,300,345
472,28,0.0,600,300,548
473,28,0.0,600,300,268
474,28,0.0,600,300,524
475,28,0.0,600,300,424
476,28,0.0,600,300,63
477,28,0.0,600,300,64
478,28,0.0,600,300,66
479,28,0.0,600,300,67
480,28,0.0,600,300,68
481,28,0.0,600,300,69
482,28,0.0,600,300,71
483,28,0.0,600,300,73
484,28,0.0,600,300,74
485,28,0.0,600,300,72
486,28,0.0,600,300,76
487,28,0.0,600,300,60
488,28,0.0,600,300,62
489,28,0.0,600,300,65
490,28,0.0,600,300,377
491,28,0.0,600,300,645
492,28,0.0,600,300,427
493,29,0.0,600,160,290
494,29,0.0,600,160,251
495,29,0.0,600,160,671
496,29,0.0,600,160,115
497,29,0.0,600,160,113
498,29,0.0,600,160,114
500,29,0.0,600,160,117
501,29,0.0,600,160,112
502,29,0.0,600,160,116
503,29,0.0,600,160,424
504,29,0.0,600,160,674
505,29,0.0,600,160,675
506,29,0.0,600,160,676
507,29,0.0,600,160,677
508,29,0.0,600,160,678
509,29,0.0,600,160,679
510,29,0.0,600,160,142
512,29,0.0,600,160,644
513,29,0.0,600,160,922
514,29,0.0,600,160,775
515,29,0.0,600,160,924
516,29,0.0,600,160,866
518,29,0.0,600,160,925
519,29,0.0,600,160,926
520,29,0.0,600,160,910
521,29,0.0,600,160,923
522,29,0.0,600,160,662
523,29,0.0,600,160,660
524,29,0.0,600,160,124
525,29,0.0,600,160,60
526,29,0.0,600,160,62
528,29,0.0,600,160,601
530,29,0.0,600,160,281
531,29,0.0,600,160,528
533,29,0.0,600,160,529
534,29,0.0,600,160,527
535,29,0.0,600,160,575
536,29,0.0,600,160,573
537,29,0.0,600,160,572
539,29,0.0,600,160,819
540,29,0.0,600,160,788
542,29,0.0,600,160,382
543,29,0.0,600,160,561
544,29,0.0,600,160,253
545,29,0.0,600,160,791
546,29,0.0,600,160,790
547,29,0.0,600,160,785
548,29,0.0,600,160,744
549,29,0.0,600,160,815
551,29,0.0,600,160,816
553,29,0.0,600,160,762
554,29,0.0,600,160,840
555,29,0.0,600,160,814
556,29,0.0,600,160,693
557,29,0.0,600,160,696
558,29,0.0,600,160,691
559,29,0.0,600,160,692
560,29,0.0,600,160,695
562,29,0.0,600,160,690
563,29,0.0,600,160,694
564,29,0.0,600,160,810
566,29,0.0,600,160,811
568,29,0.0,600,160,492
569,30,0.0,574,979,553
570,30,0.0,574,979,648
571,30,0.0,574,979,932
572,30,0.0,574,979,376
575,30,0.0,574,979,405
576,30,0.0,574,979,919
577,30,0.0,574,979,406
578,30,0.0,574,979,403
580,30,0.0,574,979,402
581,30,0.0,574,979,608
583,30,0.0,574,979,780
585,31,0.0,638,173,184
586,31,0.0,638,173,148
587,31,0.0,638,173,589
588,31,0.0,638,173,195
589,31,0.0,638,173,196
590,31,0.0,638,173,426
591,31,0.0,638,173,699
592,31,0.0,638,173,666
594,31,0.0,638,173,458
595,31,0.0,638,173,460
597,31,0.0,638,173,462
599,31,0.0,638,173,457
600,31,0.0,638,173,455
602,31,0.0,638,173,456
603,31,0.0,638,173,461
605,31,0.0,638,173,442
607,31,0.0,638,173,956
609,31,0.0,638,173,706
611,31,0.0,638,173,957
613,31,0.0,638,173,958
614,31,0.0,638,173,959
615,31,0.0,638,173,235
616,31,0.0,638,173,266
617,31,0.0,638,173,199
618,31,0.0,638,173,267
619,31,0.0,638,173,254
620,31,0.0,638,173,255
621,31,0.0,638,173,268
622,31,0.0,638,173,256
623,31,0.0,638,173,257
624,31,0.0,638,173,258
625,31,0.0,638,173,259
626,31,0.0,638,173,112
627,31,0.0,638,173,260
628,31,0.0,638,173,261
629,31,0.0,638,173,136
630,31,0.0,638,173,262
631,31,0.0,638,173,263
632,31,0.0,638,173,264
633,31,0.0,638,173,265
634,31,0.0,638,173,165
636,31,0.0,638,173,321
637,31,0.0,638,173,323
638,33,0.0,620,792,336
639,33,0.0,620,792,236
640,33,0.0,620,792,237
641,33,0.0,620,792,239
642,33,0.0,620,792,235
643,33,0.0,620,792,238
644,33,0.0,620,792,525
645,33,0.0,620,792,916
646,33,0.0,620,792,586
647,33,0.0,620,792,583
648,33,0.0,620,792,242
649,33,0.0,620,792,241
650,33,0.0,620,792,240
653,33,0.0,620,792,867
654,33,0.0,620,792,135
655,33,0.0,620,792,192
657,33,0.0,620,792,52
658,33,0.0,620,792,55
659,33,0.0,620,792,466
660,33,0.0,620,792,357
661,33,0.0,620,792,50
662,33,0.0,620,792,57
663,33,0.0,620,792,51
664,33,0.0,620,792,53
665,33,0.0,620,792,54
666,33,0.0,620,792,58
667,33,0.0,620,792,56
668,33,0.0,620,792,34
669,33,0.0,620,792,33
670,33,0.0,620,792,30
671,33,0.0,620,792,36
672,33,0.0,620,792,836
673,33,0.0,620,792,832
674,33,0.0,620,792,833
675,33,0.0,620,792,834
676,33,0.0,620,792,108
678,35,0.0,720,120,48
679,35,0.0,720,120,357
681,35,0.0,720,120,358
682,35,0.0,720,120,78
683,35,0.0,720,120,79
684,35,0.0,720,120,82
685,35,0.0,720,120,451
687,35,0.0,720,120,101
688,35,0.0,720,120,99
690,35,0.0,720,120,436
693,35,0.0,720,120,437
697,35,0.0,720,120,434
698,35,0.0,720,120,230
699,35,0.0,720,120,231
700,35,0.0,720,120,438
701,35,0.0,720,120,166
703,35,0.0,720,120,366
708,35,0.0,720,120,289
709,35,0.0,720,120,284
711,36,0.0,675,195,506
712,36,0.0,675,195,983
715,36,0.0,675,195,507
717,36,0.0,675,195,944
721,36,0.0,675,195,767
722,36,0.0,675,195,193
724,36,0.0,675,195,766
730,36,0.0,675,195,943
731,36,0.0,675,195,942
733,36,0.0,675,195,197
734,36,0.0,675,195,220
737,36,0.0,675,195,494
740,36,0.0,675,195,753
741,36,0.0,675,195,752
742,36,0.0,675,195,751
743,36,0.0,675,195,750
744,36,0.0,675,195,284
746,36,0.0,675,195,289
747,36,0.0,675,195,366
750,36,0.0,675,195,365
751,36,0.0,675,195,733
752,36,0.0,675,195,131
754,36,0.0,675,195,132
755,36,0.0,675,195,743
756,37,0.0,665,170,705
757,37,0.0,665,170,242
758,37,0.0,665,170,583
759,37,0.0,665,170,401
760,37,0.0,665,170,351
762,37,0.0,665,170,400
765,37,0.0,665,170,47
767,37,0.0,665,170,867
769,37,0.0,665,170,162
772,37,0.0,665,170,868
773,37,0.0,665,170,317
774,37,0.0,665,170,15
776,37,0.0,665,170,359
777,37,0.0,665,170,17
778,37,0.0,665,170,18
779,37,0.0,665,170,16
780,37,0.0,665,170,698
781,37,0.0,665,170,703
782,37,0.0,665,170,48
783,37,0.0,665,170,49
784,37,0.0,665,170,411
786,37,0.0,665,170,52
789,37,0.0,665,170,135
791,37,0.0,665,170,192
793,37,0.0,665,170,203
795,37,0.0,665,170,221
797,37,0.0,665,170,10
799,37,0.0,665,170,398
802,37,0.0,665,170,161
803,37,0.0,665,170,809
806,38,0.0,615,605,955
807,38,0.0,615,605,700
808,38,0.0,615,605,718
810,38,0.0,615,605,553
811,38,0.0,615,605,556
812,38,0.0,615,605,555
813,38,0.0,615,605,831
814,38,0.0,615,605,552
815,38,0.0,615,605,830
816,38,0.0,615,605,554
817,38,0.0,615,605,550
818,38,0.0,615,605,545
819,38,0.0,615,605,546
820,38,0.0,615,605,551
821,38,0.0,615,605,482
822,38,0.0,615,605,930
823,38,0.0,615,605,443
824,38,0.0,615,605,542
825,38,0.0,615,605,547
826,38,0.0,615,605,543
827,38,0.0,615,605,549
828,38,0.0,615,605,544
829,38,0.0,615,605,239
830,38,0.0,615,605,538
831,38,0.0,615,605,202
832,38,0.0,615,605,541
833,38,0.0,615,605,548
834,38,0.0,615,605,531
835,38,0.0,615,605,532
836,38,0.0,615,605,533
837,38,0.0,615,605,117
838,38,0.0,615,605,534
839,38,0.0,615,605,535
840,38,0.0,615,605,139
841,38,0.0,615,605,536
842,38,0.0,615,605,537
843,38,0.0,615,605,539
844,38,0.0,615,605,163
846,38R,0.0,600,180,955
847,38R,0.0,600,180,700
848,38R,0.0,600,180,718
850,38R,0.0,600,180,553
851,38R,0.0,600,180,556
852,38R,0.0,600,180,555
853,38R,0.0,600,180,830
854,38R,0.0,600,180,550
855,38R,0.0,600,180,546
856,38R,0.0,600,180,482
857,38R,0.0,600,180,443
858,38R,0.0,600,180,547
859,38R,0.0,600,180,239
860,38R,0.0,600,180,202
861,38R,0.0,600,180,548
862,38R,0.0,600,180,532
863,38R,0.0,600,180,117
864,38R,0.0,600,180,139
865,38R,0.0,600,180,536
866,38R,0.0,600,180,537
867,38R,0.0,600,180,539
868,38R,0.0,600,180,540
870,38R,0.0,600,180,182
871,39,0.0,844,4,837
872,39,0.0,844,4,278
876,39,0.0,844,4,404
877,39,0.0,844,4,919
882,39,0.0,844,4,685
886,39,0.0,844,4,4
888,43,0.0,600,300,697
889,43,0.0,600,300,370
890,43,0.0,600,300,368
891,43,0.0,600,300,371
892,43,0.0,600,300,367
893,43,0.0,600,300,862
894,43,0.0,600,300,669
895,43,0.0,600,300,587
899,43,0.0,600,300,843
900,43,0.0,600,300,841
903,43,0.0,600,300,842
905,43,0.0,600,300,547
906,43,0.0,600,300,706
907,43,0.0,600,300,597
909,43,0.0,600,300,705
911,43,0.0,600,300,583
912,43,0.0,600,300,401
913,43,0.0,600,300,351
917,43,0.0,600,300,353
918,43,0.0,600,300,508
919,43,0.0,600,300,352
920,43,0.0,600,300,188
921,43,0.0,600,300,643
923,43,0.0,600,300,213
924,43,0.0,600,300,223
925,43,0.0,600,300,224
926,43,0.0,600,300,225
927,43,0.0,600,300,204
928,43,0.0,600,300,25
930,43,0.0,600,300,656
931,43,0.0,600,300,506
932,43,0.0,600,300,655
934,43,0.0,600,300,657
936,43,0.0,600,300,829
937,43,0.0,600,300,720
939,43,0.0,600,300,11
940,43,0.0,600,300,721
942,43,0.0,600,300,821
946,43,0.0,600,300,756
947,43,0.0,600,300,757
948,43,0.0,600,300,569
951,43,0.0,600,300,383
953,43,0.0,600,300,382
954,43,0.0,600,300,561
955,43,0.0,600,300,253
956,43,0.0,600,300,560
957,43,0.0,600,300,563
958,43,0.0,600,300,562
960,43,0.0,600,300,768
963,43,0.0,600,300,425
964,43,0.0,600,300,765
967,43,0.0,600,300,374
968,43,0.0,600,300,375
970,43,0.0,600,300,565
973,44,0.0,646,300,332
974,44,0.0,646,300,200
975,44,0.0,646,300,202
976,44,0.0,646,300,322
978,44,0.0,646,300,212
979,44,0.0,646,300,941
980,44,0.0,646,300,226
981,44,0.0,646,300,223
983,44,0.0,646,300,224
984,44,0.0,646,300,225
985,44,0.0,646,300,204
986,44,0.0,646,300,25
988,44,0.0,646,300,656
989,44,0.0,646,300,506
990,44,0.0,646,300,983
993,44,0.0,646,300,0
994,44,0.0,646,300,797
995,44,0.0,646,300,798
996,44,0.0,646,300,285
997,44,0.0,646,300,286
998,44,0.0,646,300,284
999,44,0.0,646,300,687
1000,44,0.0,646,300,890
1001,44,0.0,646,300,745
1002,44,0.0,646,300,897
1003,44,0.0,646,300,894
1004,44,0.0,646,300,896
1005,44,0.0,646,300,893
1006,44,0.0,646,300,899
1007,44,0.0,646,300,895
1008,44,0.0,646,300,898
1010,44,0.0,646,300,877
1012,44,0.0,646,300,891
1013,44,0.0,646,300,900
1014,44,0.0,646,300,806
1015,44,0.0,646,300,805
1016,44,0.0,646,300,804
1017,44,0.0,646,300,156
1018,44,0.0,646,300,803
1019,44,0.0,646,300,651
1021,44,0.0,646,300,663
1024,44,0.0,646,300,606
1025,44,0.0,646,300,603
1026,44,0.0,646,300,719
1029,44,0.0,646,300,469
1030,44,0.0,646,300,467
1031,44,0.0,646,300,471
1032,44,0.0,646,300,468
1033,44,0.0,646,300,150
1034,44,0.0,646,300,154
1035,45,0.0,569,861,918
1036,45,0.0,569,861,967
1037,45,0.0,569,861,963
1038,45,0.0,569,861,688
1039,45,0.0,569,861,252
1041,48,0.0,603,602,89
1042,48,0.0,603,602,812
1043,48,0.0,603,602,813
1044,48,0.0,603,602,119
1046,48,0.0,603,602,982
1048,48,0.0,603,602,121
1049,48,0.0,603,602,647
1052,48,0.0,603,602,94
1053,48,0.0,603,602,95
1055,48,0.0,603,602,108
1056,48,0.0,603,602,96
1057,48,0.0,603,602,104
1058,48,0.0,603,602,102
1059,48,0.0,603,602,110
1060,48,0.0,603,602,106
1061,48,0.0,603,602,111
1062,48,0.0,603,602,103
1063,48,0.0,603,602,100
1064,48,0.0,603,602,98
1065,48,0.0,603,602,109
1066,48,0.0,603,602,107
1067,48,0.0,603,602,97
1068,48,0.0,603,602,120
1069,48,0.0,603,602,399
1070,48,0.0,603,602,10
1071,48,0.0,603,602,398
1072,48,0.0,603,602,828
1073,48,0.0,603,602,507
1074,48,0.0,603,602,657
1075,48,0.0,603,602,829
1076,48,0.0,603,602,720
1077,48,0.0,603,602,827
1079,48,0.0,603,602,961
1081,48,0.0,603,602,960
1083,48,0.0,603,602,14
1084,48,0.0,603,602,13
1085,48,0.0,603,602,46
1087,48,0.0,603,602,45
1088,48,0.0,603,602,69
1089,48,0.0,603,602,845
1090,48,0.0,603,602,846
1091,48,0.0,603,602,847
1092,48,0.0,603,602,848
1095,48,0.0,603,602,126
1096,48,0.0,603,602,849
1097,48,0.0,603,602,850
1098,48,0.0,603,602,866
1100,48,0.0,603,602,144
1102,48,0.0,603,602,851
1103,48,0.0,603,602,852
1104,48,0.0,603,602,175
1105,48,0.0,603,602,853
1106,48,0.0,603,602,686
1107,49,0.0,600,316,780
1108,49,0.0,600,316,372
1109,49,0.0,600,316,826
1110,49,0.0,600,316,975
1111,49,0.0,600,316,631
1112,49,0.0,600,316,974
1113,49,0.0,600,316,973
1114,49,0.0,600,316,550
1115,49,0.0,600,316,462
1116,49,0.0,600,316,716
1117,49,0.0,600,316,8
1118,49,0.0,600,316,746
1119,49,0.0,600,316,19
1120,49,0.0,600,316,723
1121,49,0.0,600,316,34
1122,49,0.0,600,316,56
1123,49,0.0,600,316,725
1124,49,0.0,600,316,726
1125,49,0.0,600,316,106
1126,49,0.0,600,316,362
1127,49,0.0,600,316,743
1128,49,0.0,600,316,132
1130,49,0.0,600,316,733
1131,49,0.0,600,316,738
1133,49,0.0,600,316,288
1134,49,0.0,600,316,160
1135,49,0.0,600,316,747
1136,49,0.0,600,316,745
1137,49,0.0,600,316,735
1138,49,0.0,600,316,744
1139,49,0.0,600,316,785
1140,49,0.0,600,316,790
1141,49,0.0,600,316,791
1142,49,0.0,600,316,253
1143,49,0.0,600,316,561
1144,49,0.0,600,316,382
1145,5,0.0,574,106,711
1146,5,0.0,574,106,715
1147,5,0.0,574,106,446
1148,5,0.0,574,106,710
1149,5,0.0,574,106,522
1150,5,0.0,574,106,520
1151,5,0.0,574,106,523
1152,5,0.0,574,106,525
1153,5,0.0,574,106,238
1154,5,0.0,574,106,519
1155,5,0.0,574,106,201
1156,5,0.0,574,106,212
1157,5,0.0,574,106,509
1158,5,0.0,574,106,524
1159,5,0.0,574,106,510
1160,5,0.0,574,106,511
1161,5,0.0,574,106,116
1162,5,0.0,574,106,513
1164,5,0.0,574,106,514
1165,5,0.0,574,106,515
1166,5,0.0,574,106,516
1167,5,0.0,574,106,517
1168,5,0.0,574,106,518
1169,5,0.0,574,106,521
1170,5,0.0,574,106,323
1172,54,0.0,650,180,154
1173,54,0.0,650,180,155
1175,54,0.0,650,180,156
1176,54,0.0,650,180,146
1178,54,0.0,650,180,861
1179,54,0.0,650,180,619
1180,54,0.0,650,180,620
1182,54,0.0,650,180,971
1183,54,0.0,650,180,972
1184,54,0.0,650,180,159
1185,54,0.0,650,180,860
1188,54,0.0,650,180,296
1189,54,0.0,650,180,295
1190,54,0.0,650,180,818
1193,54,0.0,650,180,878
1194,54,0.0,650,180,249
1195,54,0.0,650,180,250
1196,54,0.0,650,180,602
1198,54,0.0,650,180,984
1200,54,0.0,650,180,970
1201,54,0.0,650,180,969
1202,54,0.0,650,180,479
1203,54,0.0,650,180,476
1204,54,0.0,650,180,478
1207,54,0.0,650,180,243
1209,54,0.0,650,180,759
1210,54,0.0,650,180,291
1211,54,0.0,650,180,762
1212,54,0.0,650,180,840
1215,54,0.0,650,180,763
1216,54,0.0,650,180,761
1217,54,0.0,650,180,564
1218,54,0.0,650,180,562
1220,54,0.0,650,180,563
1221,54,0.0,650,180,560
1222,54,0.0,650,180,253
1223,54,0.0,650,180,561
1224,54,0.0,650,180,764
1226,54,0.0,650,180,574
1227,54,0.0,650,180,572
1228,54,0.0,650,180,820
1231,54,0.0,650,180,299
1234,54,0.0,650,180,873
1235,54,0.0,650,180,123
1236,54,0.0,650,180,234
1237,54,0.0,650,180,232
1238,54,0.0,650,180,233
1240,54,0.0,650,180,427
1241,55,0.0,600,197,34
1242,55,0.0,600,197,33
1243,55,0.0,600,197,30
1244,55,0.0,600,197,36
1245,55,0.0,600,197,38
1246,55,0.0,600,197,39
1247,55,0.0,600,197,408
1248,55,0.0,600,197,409
1250,55,0.0,600,197,80
1251,55,0.0,600,197,81
1252,55,0.0,600,197,89
1253,55,0.0,600,197,90
1254,55,0.0,600,197,88
1255,55,0.0,600,197,77
1256,56,0.0,735,115,859
1257,56,0.0,735,115,696
1258,56,0.0,735,115,691
1259,56,0.0,735,115,692
1260,56,0.0,735,115,695
1265,56,0.0,735,115,887
1266,56,0.0,735,115,580
1268,56,0.0,735,115,920
1270,56,0.0,735,115,977
1271,56,0.0,735,115,870
1274,56,0.0,735,115,668
1275,56,0.0,735,115,274
1276,56,0.0,735,115,270
1277,56,0.0,735,115,283
1280,56,0.0,735,115,282
1281,56,0.0,735,115,475
1282,56,0.0,735,115,189
1283,57,0.0,600,180,961
1285,57,0.0,600,180,980
1286,57,0.0,600,180,22
1287,57,0.0,600,180,646
1288,57,0.0,600,180,465
1289,57,0.0,600,180,76
1292,57,0.0,600,180,60
1294,57,0.0,600,180,41
1295,57,0.0,600,180,124
1297,57,0.0,600,180,660
1299,57,0.0,600,180,503
1302,57,0.0,600,180,505
1305,57,0.0,600,180,504
1307,57,0.0,600,180,377
1308,57,0.0,600,180,306
1309,57,0.0,600,180,232
1310,57,0.0,600,180,427
1311,58,0.0,600,180,60
1313,58,0.0,600,180,124
1314,58,0.0,600,180,660
1315,58,0.0,600,180,662
1316,58,0.0,600,180,923
1318,58,0.0,600,180,910
1320,58,0.0,600,180,903
1321,58,0.0,600,180,985
1322,58,0.0,600,180,904
1323,58,0.0,600,180,632
1324,58,0.0,600,180,198
1325,58,0.0,600,180,191
1326,58,0.0,600,180,3
1327,58,0.0,600,180,659
1328,58,0.0,600,180,308
1329,58,0.0,600,180,307
1331,58,0.0,600,180,232
1332,58,0.0,600,180,427
1333,58,0.0,600,180,736
1334,5R,0.0,720,4,955
1335,5R,0.0,720,4,700
1336,5R,0.0,720,4,718
1338,5R,0.0,720,4,186
1339,5R,0.0,720,4,426
1340,5R,0.0,720,4,699
1341,5R,0.0,720,4,209
1342,5R,0.0,720,4,716
1343,5R,0.0,720,4,711
1344,5R,0.0,720,4,446
1345,5R,0.0,720,4,522
1346,5R,0.0,720,4,523
1347,5R,0.0,720,4,238
1348,5R,0.0,720,4,201
1349,5R,0.0,720,4,212
1350,5R,0.0,720,4,509
1351,5R,0.0,720,4,524
1352,5R,0.0,720,4,510
1353,5R,0.0,720,4,511
1354,5R,0.0,720,4,116
1355,5R,0.0,720,4,513
1357,5R,0.0,720,4,514
1358,5R,0.0,720,4,515
1359,5R,0.0,720,4,516
1360,5R,0.0,720,4,517
1361,5R,0.0,720,4,518
1362,5R,0.0,720,4,521
1363,5R,0.0,720,4,323
1365,6,0.0,586,711,484
1366,6,0.0,586,711,585
1367,6,0.0,586,711,444
1368,6,0.0,586,711,581
1369,6,0.0,586,711,705
1370,6,0.0,586,711,241
1371,6,0.0,586,711,396
1375,6,0.0,586,711,351
1377,6,0.0,586,711,353
1378,6,0.0,586,711,508
1379,6,0.0,586,711,352
1380,6,0.0,586,711,188
1381,6,0.0,586,711,643
1383,6,0.0,586,711,213
1384,6,0.0,586,711,223
1385,6,0.0,586,711,224
1386,6,0.0,586,711,225
1387,6,0.0,586,711,227
1388,6,0.0,586,711,228
1390,6,0.0,586,711,1
1391,6,0.0,586,711,2
1393,6,0.0,586,711,844
1396,6,0.0,586,711,12
1397,67,0.0,660,180,106
1398,67,0.0,660,180,110
1399,67,0.0,660,180,102
1401,67,0.0,660,180,361
1402,67,0.0,660,180,501
1405,67,0.0,660,180,865
1406,67,0.0,660,180,280
1409,67,0.0,660,180,416
1411,67,0.0,660,180,502
1414,67,0.0,660,180,422
1415,67,0.0,660,180,423
1417,67,0.0,660,180,222
1420,67,0.0,660,180,211
1422,7,0.0,600,180,955
1423,7,0.0,600,180,700
1425,7,0.0,600,180,718
1426,7,0.0,600,180,553
1427,7,0.0,600,180,186
1428,7,0.0,600,180,426
1429,7,0.0,600,180,699
1430,7,0.0,600,180,209
1431,7,0.0,600,180,219
1432,7,0.0,600,180,596
1433,7,0.0,600,180,8
1434,7,0.0,600,180,584
1435,7,0.0,600,180,582
1437,7,0.0,600,180,484
1438,7,0.0,600,180,585
1439,7,0.0,600,180,444
1440,7,0.0,600,180,581
1441,7,0.0,600,180,705
1442,7,0.0,600,180,583
1443,7,0.0,600,180,586
1445,7,0.0,600,180,508
1447,7,0.0,600,180,352
1448,7,0.0,600,180,682
1449,7,0.0,600,180,226
1450,7,0.0,600,180,683
1451,7,0.0,600,180,672
1452,7,0.0,600,180,673
1453,7,0.0,600,180,424
1454,7,0.0,600,180,674
1455,7,0.0,600,180,91
1456,7,0.0,600,180,83
1457,7,0.0,600,180,84
1458,7,0.0,600,180,85
1459,7,0.0,600,180,86
1460,7,0.0,600,180,87
1461,7,0.0,600,180,92
1462,7,0.0,600,180,770
1463,7,0.0,600,180,772
1464,7,0.0,600,180,773
1465,7,0.0,600,180,774
1466,7,0.0,600,180,775
1468,7,0.0,600,180,776
1469,7,0.0,600,180,777
1470,7,0.0,600,180,778
1471,7,0.0,600,180,172
1472,7,0.0,600,180,779
1473,7,0.0,600,180,796
1474,1,0.0,572,821,348
1475,1,0.0,572,821,342
1476,1,0.0,572,821,349
1477,1,0.0,572,821,336
1478,1,0.0,572,821,236
1479,1,0.0,572,821,331
1480,1,0.0,572,821,332
1481,1,0.0,572,821,333
1482,1,0.0,572,821,324
1483,1,0.0,572,821,325
1484,1,0.0,572,821,345
1485,1,0.0,572,821,326
1486,1,0.0,572,821,327
1487,1,0.0,572,821,328
1488,1,0.0,572,821,113
1489,1,0.0,572,821,329
1490,1,0.0,572,821,330
1491,1,0.0,572,821,137
1492,1,0.0,572,821,139
1493,1,0.0,572,821,138
1495,714,0.0,585,585,955
1496,714,0.0,585,585,196
1497,714,0.0,585,585,729
1498,714,0.0,585,585,34
1499,714,0.0,585,585,106
1500,714,0.0,585,585,286
1501,714,0.0,585,585,253
1502,714,0.0,585,585,427
1503,8,0.0,600,300,650
1505,8,0.0,600,300,278
1506,8,0.0,600,300,837
1508,8,0.0,600,300,404
1509,8,0.0,600,300,919
1511,8,0.0,600,300,405
1512,8,0.0,600,300,800
1513,8,0.0,600,300,376
1514,8,0.0,600,300,839
1515,8,0.0,600,300,932
1517,8,0.0,600,300,186
1518,8,0.0,600,300,187
1519,8,0.0,600,300,185
1520,8,0.0,600,300,589
1521,8,0.0,600,300,590
1522,8,0.0,600,300,499
1523,8,0.0,600,300,875
1524,8,0.0,600,300,878
1525,8,0.0,600,300,810
1526,8,0.0,600,300,694
1527,8,0.0,600,300,876
1529,8,0.0,600,300,143
1530,8,0.0,600,300,270
1532,8,0.0,600,300,274
1534,8,0.0,600,300,977
1536,8,0.0,600,300,976
1537,8,0.0,600,300,887
1539,8,0.0,600,300,580
1540,8,0.0,600,300,886
1542,8,0.0,600,300,567
1543,8,0.0,600,300,558
1544,8,0.0,600,300,42
1545,8,0.0,600,300,24
1546,8,0.0,600,300,565
1547,8,0.0,600,300,564
1548,8,0.0,600,300,562
1550,8,0.0,600,300,563
1551,8,0.0,600,300,560
1552,8,0.0,600,300,253
1553,8,0.0,600,300,561
1554,8,0.0,600,300,382
1555,8AX,0.0,1230,1430,649
1556,8AX,0.0,1230,1430,303
1557,8AX,0.0,1230,1430,800
1558,8AX,0.0,1230,1430,376
1559,8AX,0.0,1230,1430,839
1560,8AX,0.0,1230,1430,932
1562,8AX,0.0,1230,1430,186
1563,8AX,0.0,1230,1430,187
1564,8AX,0.0,1230,1430,185
1565,8AX,0.0,1230,1430,589
1566,8AX,0.0,1230,1430,590
1567,8AX,0.0,1230,1430,499
1568,8AX,0.0,1230,1430,875
1569,8AX,0.0,1230,1430,878
1570,8AX,0.0,1230,1430,810
1571,8AX,0.0,1230,1430,694
1572,8AX,0.0,1230,1430,876
1574,8AX,0.0,1230,1430,143
1575,8AX,0.0,1230,1430,270
1577,8AX,0.0,1230,1430,568
1578,8BX,0.0,1236,1412,650
1580,8BX,0.0,1236,1412,278
1581,8BX,0.0,1236,1412,837
1583,8BX,0.0,1236,1412,404
1584,8BX,0.0,1236,1412,919
1586,8BX,0.0,1236,1412,405
1587,8BX,0.0,1236,1412,800
1588,8BX,0.0,1236,1412,376
1589,8BX,0.0,1236,1412,839
1590,8BX,0.0,1236,1412,932
1592,8BX,0.0,1236,1412,186
1593,8BX,0.0,1236,1412,187
1594,8BX,0.0,1236,1412,185
1595,8BX,0.0,1236,1412,589
1596,8BX,0.0,1236,1412,590
1597,8BX,0.0,1236,1412,499
1598,8BX,0.0,1236,1412,270
1599,8BX,0.0,1236,1412,274
1601,8BX,0.0,1236,1412,977
1603,8BX,0.0,1236,1412,976
1604,8BX,0.0,1236,1412,887
1606,8BX,0.0,1236,1412,580
1607,8BX,0.0,1236,1412,886
1609,8BX,0.0,1236,1412,567
1610,8BX,0.0,1236,1412,558
1611,8BX,0.0,1236,1412,42
1612,8BX,0.0,1236,1412,24
1613,8BX,0.0,1236,1412,565
1614,8BX,0.0,1236,1412,564
1615,8BX,0.0,1236,1412,562
1617,8BX,0.0,1236,1412,563
1618,8BX,0.0,1236,1412,560
1619,8BX,0.0,1236,1412,253
1620,8BX,0.0,1236,1412,561
1621,8BX,0.0,1236,1412,382
1622,15,0.0,600,180,718
1623,15,0.0,600,180,186
1624,15,0.0,600,180,187
1625,15,0.0,600,180,153
1626,15,0.0,600,180,77
1627,15,0.0,600,180,952
1628,15,0.0,600,180,150
1629,15,0.0,600,180,605
1630,15,0.0,600,180,604
1631,15,0.0,600,180,606
1632,15,0.0,600,180,603
1633,15,0.0,600,180,617
1634,15,0.0,600,180,654
1635,15,0.0,600,180,653
1636,15,0.0,600,180,449
1637,15,0.0,600,180,454
1641,15,0.0,600,180,618
1644,15,0.0,600,180,651
1645,15,0.0,600,180,156
1646,15,0.0,600,180,804
1647,52,0.0,664,188,506
1648,52,0.0,664,188,983
1651,52,0.0,664,188,507
1652,52,0.0,664,188,828
1653,52,0.0,664,188,398
1655,52,0.0,664,188,453
1658,52,0.0,664,188,435
1659,52,0.0,664,188,434
1661,52,0.0,664,188,433
1663,52,0.0,664,188,438
1666,52,0.0,664,188,439
1668,52,0.0,664,188,284
1670,52,0.0,664,188,687
1671,52,0.0,664,188,890
1672,52,0.0,664,188,745
1673,52,0.0,664,188,735
1675,52,0.0,664,188,474
1677,52,0.0,664,188,292
1678,52,0.0,664,188,291
1679,52,0.0,664,188,762
1680,52,0.0,664,188,294
1681,52,0.0,664,188,817
1682,52,0.0,664,188,840
1684,90,0.0,317,617,780
1685,90,0.0,317,617,372
1686,90,0.0,317,617,826
1687,90,0.0,317,617,975
1688,90,0.0,317,617,631
1689,90,0.0,317,617,974
1690,90,0.0,317,617,973
1691,90,0.0,317,617,550
1692,90,0.0,317,617,462
1693,90,0.0,317,617,716
1694,90,0.0,317,617,8
1695,90,0.0,317,617,9
1696,90,0.0,317,617,7
1697,90,0.0,317,617,6
1699,90,0.0,317,617,835
1700,90,0.0,317,617,36
1701,90,0.0,317,617,836
1702,90,0.0,317,617,832
1703,90,0.0,317,617,833
1704,90,0.0,317,617,834
1705,90,0.0,317,617,108
1706,90,0.0,317,617,75
1707,90,0.0,317,617,272
1708,90,0.0,317,617,269
1710,90,0.0,317,617,271
1711,90,0.0,317,617,877
1713,90,0.0,317,617,875
1714,90,0.0,317,617,878
1716,90,0.0,317,617,810
1717,90,0.0,317,617,694
1718,90,0.0,317,617,876
1720,90,0.0,317,617,143
1721,90,0.0,317,617,270
1723,91,0.0,305,605,62
1724,91,0.0,305,605,60
1725,91,0.0,305,605,61
1726,91,0.0,305,605,72
1727,91,0.0,305,605,74
1728,91,0.0,305,605,73
1729,91,0.0,305,605,71
1730,91,0.0,305,605,69
1731,91,0.0,305,605,68
1732,91,0.0,305,605,67
1733,91,0.0,305,605,66
1734,91,0.0,305,605,64
1736,91,0.0,305,605,424
1737,91,0.0,305,605,524
1738,91,0.0,305,605,268
1739,91,0.0,305,605,548
1740,91,0.0,305,605,345
1741,91,0.0,305,605,862
1742,91,0.0,305,605,367
1743,91,0.0,305,605,371
1744,91,0.0,305,605,368
1745,91,0.0,305,605,370
1746,91,0.0,305,605,369
1747,91,0.0,305,605,823
1749,91,0.0,305,605,780
1751,91,0.0,305,605,608
1752,91,0.0,305,605,402
1753,91,0.0,305,605,403
1754,91,0.0,305,605,406
1756,91,0.0,305,605,404
1757,91,0.0,305,605,919
1758,91,0.0,305,605,405
1759,91,0.0,305,605,800
1760,91,0.0,305,605,376
1761,91,0.0,305,605,839
1762,91,0.0,305,605,932
1764,91,0.0,305,605,186
1765,91,0.0,305,605,187
1766,91,0.0,305,605,185
1767,91,0.0,305,605,183
1768,91,0.0,305,605,184
1770,91,0.0,305,605,145
1771,91,0.0,305,605,153
1772,91,0.0,305,605,953
1773,91,0.0,305,605,77
1774,91,0.0,305,605,93
1775,91,0.0,305,605,952
1776,91,0.0,305,605,350
1777,91,0.0,305,605,717
1779,91,0.0,305,605,468
1780,91,0.0,305,605,150
1782,91,0.0,305,605,155
1784,91,0.0,305,605,156
1785,91,0.0,305,605,146
1786,91,0.0,305,605,159
1787,91,0.0,305,605,149
1788,91,0.0,305,605,157
1790,91,0.0,305,605,270
1792,91,0.0,305,605,274
1794,91,0.0,305,605,977
1796,91,0.0,305,605,976
1797,91,0.0,305,605,887
1799,91,0.0,305,605,580
1800,91,0.0,305,605,886
1802,91,0.0,305,605,567
1803,91,0.0,305,605,558
1804,91,0.0,305,605,42
1805,91,0.0,305,605,24
1806,91,0.0,305,605,565
1807,91,0.0,305,605,564
1808,91,0.0,305,605,562
1810,91,0.0,305,605,563
1811,91,0.0,305,605,560
1812,91,0.0,305,605,253
1813,91,0.0,305,605,561
1814,91,0.0,305,605,788
1815,91,0.0,305,605,789
1816,91,0.0,305,605,786
1817,91,0.0,305,605,787
1818,91,0.0,305,605,793
1820,91,0.0,305,605,792
1821,91,0.0,305,605,465
1822,91,0.0,305,605,646
1823,91,0.0,305,605,980
1824,91,0.0,305,605,961
1825,9R,0.0,660,1380,689
1826,9R,0.0,660,1380,700
1827,9R,0.0,660,1380,718
1828,9R,0.0,660,1380,553
1829,9R,0.0,660,1380,186
1830,9R,0.0,660,1380,426
1831,9R,0.0,660,1380,699
1832,9R,0.0,660,1380,209
1833,9R,0.0,660,1380,219
1834,9R,0.0,660,1380,596
1835,9R,0.0,660,1380,8
1836,9R,0.0,660,1380,6
1837,9R,0.0,660,1380,36
1838,9R,0.0,660,1380,834
1839,9R,0.0,660,1380,108
1840,9R,0.0,660,1380,272
1841,9R,0.0,660,1380,269
1842,9R,0.0,660,1380,877
1843,9R,0.0,660,1380,878
1844,9R,0.0,660,1380,810
1845,9R,0.0,660,1380,876
1846,9R,0.0,660,1380,270
1847,9R,0.0,660,1380,274
1848,9R,0.0,660,1380,273
1850,9R,0.0,660,1380,870
1851,9R,0.0,660,1380,977
1852,9R,0.0,660,1380,920
1853,9R,0.0,660,1380,888
1855,9R,0.0,660,1380,568
1856,9R,0.0,660,1380,566
1857,9R,0.0,660,1380,559
1858,9R,0.0,660,1380,567
1859,9R,0.0,660,1380,886
1861,9R,0.0,660,1380,59
1863,9R,0.0,660,1380,921
1864,CA,0.0,711,988,340
1865,CA,0.0,711,988,391
1866,CA,0.0,711,988,347
1867,CA,0.0,711,988,974
1868,F,0.0,720,242,402
1869,F,0.0,720,242,276
1870,F,0.0,720,242,278
1871,F,0.0,720,242,650
1872,F,0.0,720,242,463
1873,F,0.0,720,242,948
1874,F,0.0,720,242,947
1875,F,0.0,720,242,946
1876,F,0.0,720,242,950
1877,F,0.0,720,242,450
1879,F,0.0,720,242,338
1880,F,0.0,720,242,700
1881,F,0.0,720,242,718
1882,F,0.0,720,242,553
1883,F,0.0,720,242,186
1884,F,0.0,720,242,426
1885,F,0.0,720,242,699
1886,F,0.0,720,242,209
1887,F,0.0,720,242,219
1888,F,0.0,720,242,596
1889,F,0.0,720,242,8
1890,F,0.0,720,242,584
1891,F,0.0,720,242,702
1892,F,0.0,720,242,701
1893,F,0.0,720,242,16
1894,F,0.0,720,242,698
1895,F,0.0,720,242,703
1896,F,0.0,720,242,48
1897,J,0.0,629,364,381
1898,J,0.0,629,364,31
1899,J,0.0,629,364,51
1900,J,0.0,629,364,863
1901,J,0.0,629,364,864
1903,J,0.0,629,364,378
1904,J,0.0,629,364,98
1905,J,0.0,629,364,380
1906,J,0.0,629,364,379
1907,J,0.0,629,364,130
1908,J,0.0,629,364,131
1909,J,0.0,629,364,733
1910,J,0.0,629,364,284
1911,J,0.0,629,364,882
1912,J,0.0,629,364,883
1913,J,0.0,629,364,791
1914,J,0.0,629,364,253
1915,K,0.0,657,657,914
1916,K,0.0,657,657,338
1917,K,0.0,657,657,718
1918,K,0.0,657,657,426
1919,K,0.0,657,657,219
1920,K,0.0,657,657,8
1921,K,0.0,657,657,16
1922,K,0.0,657,657,48
1923,K,0.0,657,657,506
1924,K,0.0,657,657,961
1925,K,0.0,657,657,980
1926,K,0.0,657,657,646
1927,K,0.0,657,657,465
1928,K,0.0,657,657,792
1929,K,0.0,657,657,784
1930,K,0.0,657,657,793
1931,K,0.0,657,657,787
1932,K,0.0,657,657,786
1933,K,0.0,657,657,789
1934,K,0.0,657,657,788
1935,K,0.0,657,657,561
1936,K,0.0,657,657,253
1937,KBUS,0.0,600,645,450
1939,KBUS,0.0,600,645,338
1940,KBUS,0.0,600,645,700
1941,KBUS,0.0,600,645,718
1942,KBUS,0.0,600,645,553
1943,KBUS,0.0,600,645,186
1944,KBUS,0.0,600,645,426
1945,KBUS,0.0,600,645,699
1946,KBUS,0.0,600,645,209
1947,KBUS,0.0,600,645,219
1948,KBUS,0.0,600,645,596
1949,KBUS,0.0,600,645,8
1950,KBUS,0.0,600,645,584
1951,KBUS,0.0,600,645,702
1952,KBUS,0.0,600,645,701
1953,KBUS,0.0,600,645,16
1954,KBUS,0.0,600,645,698
1955,KBUS,0.0,600,645,703
1956,KBUS,0.0,600,645,48
1957,KBUS,0.0,600,645,192
1958,KBUS,0.0,600,645,398
1959,KBUS,0.0,600,645,507
1960,KBUS,0.0,600,645,961
1961,KBUS,0.0,600,645,980
1962,KBUS,0.0,600,645,646
1964,KBUS,0.0,600,645,465
1965,KBUS,0.0,600,645,792
1966,KBUS,0.0,600,645,784
1967,KBUS,0.0,600,645,793
1968,KBUS,0.0,600,645,787
1969,KBUS,0.0,600,645,786
1970,KBUS,0.0,600,645,789
1971,KBUS,0.0,600,645,788
1972,KBUS,0.0,600,645,382
1973,KBUS,0.0,600,645,253
1974,LBUS,0.0,660,210,961
1975,LBUS,0.0,660,210,960
1976,LBUS,0.0,660,210,14
1977,LBUS,0.0,660,210,933
1978,LBUS,0.0,660,210,935
1979,LBUS,0.0,660,210,936
1980,LBUS,0.0,660,210,129
1981,LBUS,0.0,660,210,937
1982,LBUS,0.0,660,210,925
1983,LBUS,0.0,660,210,938
1984,LBUS,0.0,660,210,939
1985,LBUS,0.0,660,210,940
1986,LBUS,0.0,660,210,178
1987,LBUS,0.0,660,210,179
1988,LBUS,0.0,660,210,180
1990,LBUS,0.0,660,210,181
1991,LOWL,0.0,186,706,402
1992,LOWL,0.0,186,706,276
1993,LOWL,0.0,186,706,278
1994,LOWL,0.0,186,706,650
1995,LOWL,0.0,186,706,463
1996,LOWL,0.0,186,706,948
1997,LOWL,0.0,186,706,947
1998,LOWL,0.0,186,706,946
1999,LOWL,0.0,186,706,950
2000,LOWL,0.0,186,706,450
2003,LOWL,0.0,186,706,338
2004,LOWL,0.0,186,706,700
2005,LOWL,0.0,186,706,718
2006,LOWL,0.0,186,706,553
2007,LOWL,0.0,186,706,186
2008,LOWL,0.0,186,706,426
2009,LOWL,0.0,186,706,699
2010,LOWL,0.0,186,706,209
2011,LOWL,0.0,186,706,219
2012,LOWL,0.0,186,706,596
2013,LOWL,0.0,186,706,8
2014,LOWL,0.0,186,706,584
2015,LOWL,0.0,186,706,702
2016,LOWL,0.0,186,706,701
2017,LOWL,0.0,186,706,16
2018,LOWL,0.0,186,706,698
2019,LOWL,0.0,186,706,703
2020,LOWL,0.0,186,706,48
2021,LOWL,0.0,186,706,192
2022,LOWL,0.0,186,706,10
2024,LOWL,0.0,186,706,398
2025,LOWL,0.0,186,706,828
2026,LOWL,0.0,186,706,507
2027,LOWL,0.0,186,706,983
2029,LOWL,0.0,186,706,961
2030,LOWL,0.0,186,706,960
2031,LOWL,0.0,186,706,14
2032,LOWL,0.0,186,706,933
2033,LOWL,0.0,186,706,935
2034,LOWL,0.0,186,706,936
2035,LOWL,0.0,186,706,129
2036,LOWL,0.0,186,706,937
2037,LOWL,0.0,186,706,925
2038,LOWL,0.0,186,706,938
2039,LOWL,0.0,186,706,939
2040,LOWL,0.0,186,706,940
2041,LOWL,0.0,186,706,178
2043,LOWL,0.0,186,706,179
2044,LOWL,0.0,186,706,180
2046,LOWL,0.0,186,706,181
2047,M,0.0,639,337,961
2048,M,0.0,639,337,980
2049,M,0.0,639,337,646
2050,M,0.0,639,337,465
2051,M,0.0,639,337,61
2052,M,0.0,639,337,60
2053,M,0.0,639,337,62
2054,M,0.0,639,337,65
2055,M,0.0,639,337,70
2056,M,0.0,639,337,855
2057,M,0.0,639,337,298
2059,M,0.0,639,337,297
2060,M,0.0,639,337,299
2061,M,0.0,639,337,879
2062,M,0.0,639,337,880
2063,M,0.0,639,337,881
2065,N,0.0,630,335,634
2066,N,0.0,630,335,169
2067,N,0.0,630,335,642
2068,N,0.0,630,335,641
2069,N,0.0,630,335,644
2070,N,0.0,630,335,640
2071,N,0.0,630,335,639
2072,N,0.0,630,335,638
2073,N,0.0,630,335,637
2074,N,0.0,630,335,84
2075,N,0.0,630,335,64
2076,N,0.0,630,335,636
2077,N,0.0,630,335,635
2079,N,0.0,630,335,223
2081,N,0.0,630,335,625
2082,N,0.0,630,335,352
2084,N,0.0,630,335,353
2085,N,0.0,630,335,351
2086,N,0.0,630,335,452
2087,N,0.0,630,335,381
2088,N,0.0,630,335,8
2089,N,0.0,630,335,219
2090,N,0.0,630,335,426
2091,N,0.0,630,335,718
2092,N,0.0,630,335,338
2093,N,0.0,630,335,914
2094,N,0.0,630,335,945
2095,N,0.0,630,335,652
2096,N,0.0,630,335,184
2097,NBUS,0.0,616,616,954
2099,NBUS,0.0,616,616,652
2100,NBUS,0.0,616,616,945
2101,NBUS,0.0,616,616,914
2102,NBUS,0.0,616,616,450
2103,NBUS,0.0,616,616,338
2104,NBUS,0.0,616,616,700
2105,NBUS,0.0,616,616,718
2106,NBUS,0.0,616,616,553
2107,NBUS,0.0,616,616,186
2108,NBUS,0.0,616,616,426
2109,NBUS,0.0,616,616,699
2110,NBUS,0.0,616,616,209
2111,NBUS,0.0,616,616,219
2112,NBUS,0.0,616,616,596
2113,NBUS,0.0,616,616,8
2114,NBUS,0.0,616,616,584
2115,NBUS,0.0,616,616,702
2116,NBUS,0.0,616,616,701
2117,NBUS,0.0,616,616,381
2118,NBUS,0.0,616,616,452
2119,NBUS,0.0,616,616,444
2120,NBUS,0.0,616,616,581
2121,NBUS,0.0,616,616,705
2122,NBUS,0.0,616,616,583
2123,NBUS,0.0,616,616,401
2124,NBUS,0.0,616,616,351
2126,NBUS,0.0,616,616,353
2127,NBUS,0.0,616,616,352
2128,NBUS,0.0,616,616,188
2129,NBUS,0.0,616,616,625
2130,NBUS,0.0,616,616,223
2132,NBUS,0.0,616,616,635
2134,NBUS,0.0,616,616,636
2135,NBUS,0.0,616,616,64
2136,NBUS,0.0,616,616,84
2137,NBUS,0.0,616,616,637
2138,NBUS,0.0,616,616,638
2139,NBUS,0.0,616,616,639
2140,NBUS,0.0,616,616,640
2141,NBUS,0.0,616,616,644
2142,NBUS,0.0,616,616,641
2143,NBUS,0.0,616,616,642
2144,NBUS,0.0,616,616,168
2145,NBUS,0.0,616,616,634
2147,66,0.0,660,200,223
2148,66,0.0,660,200,224
2149,66,0.0,660,200,225
2150,66,0.0,660,200,664
2151,66,0.0,660,200,665
2152,66,0.0,660,200,26
2154,66,0.0,660,200,27
2158,66,0.0,660,200,20
2159,66,0.0,660,200,28
2160,66,0.0,660,200,21
2161,66,0.0,660,200,12
2162,66,0.0,660,200,45
2163,66,0.0,660,200,69
2164,66,0.0,660,200,845
2165,66,0.0,660,200,846
2166,66,0.0,660,200,847
2167,66,0.0,660,200,848
2170,66,0.0,660,200,126
2171,66,0.0,660,200,127
2172,66,0.0,660,200,128
2173,66,0.0,660,200,129
2175,66,0.0,660,200,125
2176,NOWL,0.0,300,632,954
2178,NOWL,0.0,300,632,652
2179,NOWL,0.0,300,632,945
2180,NOWL,0.0,300,632,914
2181,NOWL,0.0,300,632,450
2183,NOWL,0.0,300,632,338
2184,NOWL,0.0,300,632,700
2185,NOWL,0.0,300,632,718
2186,NOWL,0.0,300,632,553
2187,NOWL,0.0,300,632,186
2188,NOWL,0.0,300,632,426
2189,NOWL,0.0,300,632,699
2190,NOWL,0.0,300,632,209
2191,NOWL,0.0,300,632,219
2192,NOWL,0.0,300,632,8
2193,NOWL,0.0,300,632,584
2194,NOWL,0.0,300,632,702
2195,NOWL,0.0,300,632,701
2196,NOWL,0.0,300,632,381
2198,NOWL,0.0,300,632,484
2199,NOWL,0.0,300,632,585
2200,NOWL,0.0,300,632,444
2201,NOWL,0.0,300,632,581
2202,NOWL,0.0,300,632,705
2203,NOWL,0.0,300,632,583
2204,NOWL,0.0,300,632,401
2205,NOWL,0.0,300,632,351
2207,NOWL,0.0,300,632,353
2208,NOWL,0.0,300,632,352
2209,NOWL,0.0,300,632,188
2210,NOWL,0.0,300,632,625
2211,NOWL,0.0,300,632,223
2213,NOWL,0.0,300,632,635
2215,NOWL,0.0,300,632,636
2216,NOWL,0.0,300,632,64
2217,NOWL,0.0,300,632,84
2218,NOWL,0.0,300,632,637
2219,NOWL,0.0,300,632,638
2220,NOWL,0.0,300,632,639
2221,NOWL,0.0,300,632,640
2222,NOWL,0.0,300,632,644
2223,NOWL,0.0,300,632,641
2224,NOWL,0.0,300,632,642
2225,NOWL,0.0,300,632,168
2226,NOWL,0.0,300,632,634
2228,PH,0.0,720,271,426
2229,PH,0.0,720,271,555
2230,PH,0.0,720,271,556
2232,PH,0.0,720,271,932
2233,PH,0.0,720,271,838
2234,PH,0.0,720,271,839
2238,PH,0.0,720,271,800
2239,PH,0.0,720,271,627
2241,PH,0.0,720,271,626
2242,PH,0.0,720,271,799
2243,PH,0.0,720,271,613
2245,PH,0.0,720,271,609
2246,PH,0.0,720,271,612
2249,PH,0.0,720,271,611
2252,PH,0.0,720,271,610
2253,PH,0.0,720,271,607
2254,PH,0.0,720,271,608
2256,PM,0.0,708,866,800
2258,PM,0.0,708,866,707
2261,PM,0.0,708,866,968
2263,PM,0.0,708,866,406
2266,PM,0.0,708,866,403
2268,S,0.0,760,40,961
2269,S,0.0,760,40,506
2270,S,0.0,760,40,48
2271,S,0.0,760,40,16
2272,S,0.0,760,40,8
2273,S,0.0,760,40,219
2274,S,0.0,760,40,426
2275,S,0.0,760,40,718
2276,S,0.0,760,40,338
2277,T,0.0,630,335,273
2278,T,0.0,630,335,270
2279,T,0.0,630,335,951
2280,T,0.0,630,335,157
2281,T,0.0,630,335,149
2282,T,0.0,630,335,159
2283,T,0.0,630,335,146
2284,T,0.0,630,335,156
2285,T,0.0,630,335,155
2286,T,0.0,630,335,154
2287,T,0.0,630,335,150
2288,T,0.0,630,335,952
2289,T,0.0,630,335,93
2290,T,0.0,630,335,77
2291,T,0.0,630,335,953
2292,T,0.0,630,335,153
2293,T,0.0,630,335,145
2294,T,0.0,630,335,184
2295,T,0.0,630,335,183
2296,T,0.0,630,335,185
2297,T,0.0,630,335,556
2298,T,0.0,630,335,376
2299,TBUS,0.0,603,295,274
2301,TBUS,0.0,603,295,270
2302,TBUS,0.0,603,295,143
2303,TBUS,0.0,603,295,951
2304,TBUS,0.0,603,295,151
2305,TBUS,0.0,603,295,149
2306,TBUS,0.0,603,295,159
2307,TBUS,0.0,603,295,146
2308,TBUS,0.0,603,295,156
2309,TBUS,0.0,603,295,155
2310,TBUS,0.0,603,295,154
2311,TBUS,0.0,603,295,150
2312,TBUS,0.0,603,295,952
2313,TBUS,0.0,603,295,93
2314,TBUS,0.0,603,295,77
2315,TBUS,0.0,603,295,953
2316,TBUS,0.0,603,295,153
2317,TBUS,0.0,603,295,145
2318,TBUS,0.0,603,295,184
2319,TBUS,0.0,603,295,147
2320,TBUS,0.0,603,295,152
2321,TBUS,0.0,603,295,553
2322,TBUS,0.0,603,295,932
2323,TBUS,0.0,603,295,376
2324,9,0.0,621,300,450
2325,9,0.0,621,300,338
2326,9,0.0,621,300,700
2327,9,0.0,621,300,718
2328,9,0.0,621,300,553
2329,9,0.0,621,300,186
2330,9,0.0,621,300,426
2331,9,0.0,621,300,699
2332,9,0.0,621,300,209
2333,9,0.0,621,300,219
2334,9,0.0,621,300,596
2335,9,0.0,621,300,8
2336,9,0.0,621,300,9
2337,9,0.0,621,300,7
2338,9,0.0,621,300,6
2340,9,0.0,621,300,835
2341,9,0.0,621,300,36
2342,9,0.0,621,300,836
2343,9,0.0,621,300,832
2344,9,0.0,621,300,833
2345,9,0.0,621,300,834
2346,9,0.0,621,300,108
2347,9,0.0,621,300,75
2348,9,0.0,621,300,272
2349,9,0.0,621,300,269
2351,9,0.0,621,300,271
2352,9,0.0,621,300,877
2354,9,0.0,621,300,875
2355,9,0.0,621,300,878
2357,9,0.0,621,300,810
2358,9,0.0,621,300,694
2359,9,0.0,621,300,876
2361,9,0.0,621,300,143
2362,9,0.0,621,300,270
2364,9,0.0,621,300,274
2365,9,0.0,621,300,273
2367,9,0.0,621,300,870
2368,9,0.0,621,300,977
2369,9,0.0,621,300,920
2370,9,0.0,621,300,888
2372,9,0.0,621,300,568
2373,9,0.0,621,300,566
2374,9,0.0,621,300,559
2375,9,0.0,621,300,567
2376,9,0.0,621,300,886
2378,9,0.0,621,300,59
2380,9,0.0,621,300,921
2381,28R,0.0,722,0,333
2382,28R,0.0,722,0,332
2383,28R,0.0,722,0,345
2384,28R,0.0,722,0,548
2385,28R,0.0,722,0,524
2386,28R,0.0,722,0,64
2387,28R,0.0,722,0,67
2388,28R,0.0,722,0,69
2389,28R,0.0,722,0,73
2390,28R,0.0,722,0,60
2391,28R,0.0,722,0,62
2392,28R,0.0,722,0,427
